Регион,Год,Заболеваемость_инфекции_на_1000,Коэффициент_смертности_населения,Численность_населения,Оборотная_вода_млн_м3
Белгородская область,2004,41.3,16.2,1511.7,1610.0
Брянская область,2004,33.8,19.1,1344.1,63.0
Владимирская область,2004,46.5,20.1,1497.6,339.0
Воронежская область,2004,26.1,18.5,2364.9,2419.0
Ивановская область,2004,31.6,21.6,1116.7,223.0
Калужская область,2004,34.6,18.6,1027.6,144.0
Костромская область,2004,35.6,21.3,712.0,185.0
Курская область,2004,40.0,19.5,1195.8,5827.0
Липецкая область,2004,31.7,18.2,1198.6,2052.0
Московская область,2004,29.4,17.3,6736.7,3582.0
Орловская область,2004,28.7,18.8,835.2,356.0
Рязанская область,2004,48.2,20.1,1199.4,2261.0
Смоленская область,2004,45.1,21.1,1032.3,4493.0
Тамбовская область,2004,27.0,19,1150.8,255.0
Тверская область,2004,40.1,23.1,1432.6,2494.0
Тульская область,2004,31.9,21.6,1631.8,2684.0
Ярославская область,2004,41.1,20.1,1329.8,587.0
г. Москва,2004,32.3,12.3,10726.4,5671.0
Республика Карелия,2004,57.3,18.8,689.6,930.0
Республика Коми,2004,59.1,15.3,982.9,1373.0
Архангельская область,2004,54.5,17.6,1299.2,824.0
Ненецкий автономный округ,2004,65.3,12.4,41.9,1.87
Вологодская область,2004,41.2,19.1,1245.8,3650.0
Калининградская область,2004,45.8,18.2,942.1,180.0
Ленинградская область,2004,29.1,20,1681.5,1379.0
Мурманская область,2004,45.9,13.5,856.9,1038.0
Новгородская область,2004,32.5,22.4,674.5,564.0
Псковская область,2004,25.1,24.2,734.5,12.0
г. Санкт-Петербург,2004,47.7,16,4686.5,761.0
Республика Адыгея (Адыгея),2004,31.6,15,443.3,30.0
Республика Калмыкия,2004,32.1,10.9,293.2,1.03
Краснодарский край,2004,28.8,15.3,5118.9,1078.0
Астраханская область,2004,35.6,14.9,1006.5,308.0
Волгоградская область,2004,40.4,15.4,2656.2,1760.0
Ростовская область,2004,27.2,15.8,4352.7,2095.0
Республика Дагестан,2004,44.6,6,2652.7,24.0
Республика Ингушетия,2004,34.4,4,433.7,26.0
Кабардино-Балкарская Республика,2004,11.1,9.8,877.3,20.0
Карачаево-Черкесская Республика,2004,36.2,11.3,450.2,67.0
Республика Северная Осетия — Алания,2004,23.4,12.3,706.4,66.0
Чеченская Республика,2004,38.3,5.6,1133.2,0.0
Ставропольский край,2004,22.4,14.2,2741.1,962.0
Республика Башкортостан,2004,33.3,14.1,4081.3,4994.0
Республика Марий Эл,2004,45.8,16.8,718.3,156.0
Республика Мордовия,2004,39.4,16.9,871.8,272.0
Республика Татарстан (Татарстан),2004,33.9,13.6,3768.2,4987.0
Удмуртская Республика,2004,54.6,15.4,1554.3,386.0
Чувашская Республика — Чувашия,2004,41.5,14.9,1291.0,456.0
Пермский край,2004,51.9,17.7,2751.6,1941.0
Кировская область,2004,40.8,19,1445.3,1145.0
Нижегородская область,2004,29.1,19.8,3447.9,1639.0
Оренбургская область,2004,38.8,15.1,2122.5,1805.0
Пензенская область,2004,34.8,17.9,1431.0,77.0
Самарская область,2004,41.8,16.1,3225.3,4077.0
Саратовская область,2004,31.7,16.9,2615.6,7086.0
Ульяновская область,2004,56.4,16.8,1354.6,904.0
Курганская область,2004,38.1,17.8,981.0,364.0
Свердловская область,2004,39.3,16.7,4394.1,12290.0
Тюменская область,2004,50.1,9.8,3288.3,9131.0
Ханты-Мансийский автономный округ — Югра,2004,56.2,6.7,1462.2,7961.0
Ямало-Ненецкий автономный округ,2004,59.6,5.8,514.6,80.0
Челябинская область,2004,46.9,16.3,3541.8,8320.0
Республика Алтай,2004,66.4,14.9,202.3,11.0
Республика Тыва,2004,57.9,13.4,304.1,31.0
Республика Хакасия,2004,57.6,16.2,538.0,318.0
Алтайский край,2004,38.8,15.9,2539.4,969.0
Красноярский край,2004,46.3,15.2,2901.9,2980.0
Иркутская область,2004,50.2,16.6,2524.1,2280.0
Кемеровская область — Кузбасс,2004,40.4,18,2833.0,4383.0
Новосибирская область,2004,39.4,15.4,2666.0,844.0
Омская область,2004,51.3,15,2034.1,1105.0
Томская область,2004,50.8,14.1,1029.9,2525.0
Республика Бурятия,2004,28.7,15.3,971.0,259.0
Республика Саха (Якутия),2004,30.6,10.2,953.2,1188.0
Забайкальский край,2004,33.9,17.1,1132.8,584.0
Камчатский край,2004,52.0,12.4,343.9,24.0
Приморский край,2004,53.1,15.8,2028.4,2058.0
Хабаровский край,2004,45.8,16.2,1396.8,1324.0
Амурская область,2004,40.7,17.4,874.0,848.0
Магаданская область,2004,67.5,13.5,173.9,351.0
Сахалинская область,2004,58.5,16.2,529.8,273.0
Еврейская автономная область,2004,53.2,17.2,185.8,13.0
Чукотский автономный округ,2004,50.1,12,51.8,165.0
Белгородская область,2005,40.1,16,1511.7,1618.0
Брянская область,2005,33.3,19.8,1327.7,60.0
Владимирская область,2005,42,20.2,1486.5,338.0
Воронежская область,2005,23.2,18.5,2360.9,2524.0
Ивановская область,2005,29.1,22,1101.8,196.0
Калужская область,2005,31.1,19.1,1023.3,145.0
Костромская область,2005,32.3,21.3,699.8,188.0
Курская область,2005,32.5,19.8,1177.6,6046.0
Липецкая область,2005,28.5,17.7,1193.9,2042.0
Московская область,2005,27.1,17.1,6783.8,3419.0
Орловская область,2005,35.5,18.8,822.1,362.0
Рязанская область,2005,51.7,20.2,1188.8,2182.0
Смоленская область,2005,41.5,21.2,1025.4,4713.0
Тамбовская область,2005,24.3,19.3,1138.6,254.0
Тверская область,2005,37.2,23,1415.3,2492.0
Тульская область,2005,30.6,21.8,1615.2,2884.0
Ярославская область,2005,39.2,20.1,1312.8,621.0
г. Москва,2005,30.8,11.9,10923.8,5860.0
Республика Карелия,2005,56.5,18.5,676.0,995.0
Республика Коми,2005,59.6,15.5,963.0,1336.0
Архангельская область,2005,55,17.1,1281.8,841.0
Ненецкий автономный округ,2005,75.4,12.2,41.9,2.6
Вологодская область,2005,40.7,18.8,1234.9,3614.0
Калининградская область,2005,43,18.2,936.6,173.0
Ленинградская область,2005,25.6,19.9,1685.4,1413.0
Мурманская область,2005,41,13.8,839.4,1006.0
Новгородская область,2005,32.9,22.5,665.6,560.0
Псковская область,2005,24.1,24.6,720.8,12.0
г. Санкт-Петербург,2005,49.3,15.6,4712.9,676.0
Республика Адыгея (Адыгея),2005,27.5,15.2,441.0,29.0
Республика Калмыкия,2005,27,11.4,293.5,1.0
Краснодарский край,2005,25.7,15.6,5127.3,1195.0
Астраханская область,2005,31.2,15.4,1002.5,295.0
Волгоградская область,2005,37.8,15.7,2640.4,1866.0
Ростовская область,2005,24.7,15.8,4332.4,2014.0
Республика Дагестан,2005,42.5,5.8,2692.6,22.0
Республика Ингушетия,2005,43.2,4.3,417.4,27.0
Кабардино-Балкарская Республика,2005,13.4,10.4,866.2,16.0
Карачаево-Черкесская Республика,2005,32,11.3,454.5,62.0
Республика Северная Осетия — Алания,2005,18.7,12.2,706.9,63.0
Чеченская Республика,2005,…,5.1,1152.3,0.0
Ставропольский край,2005,23.4,14.2,2746.9,987.0
Республика Башкортостан,2005,33.9,14.2,4066.3,5191.0
Республика Марий Эл,2005,38.5,17.1,713.4,167.0
Республика Мордовия,2005,35.5,17.1,864.7,266.0
Республика Татарстан (Татарстан),2005,33.6,13.8,3761.6,4907.0
Удмуртская Республика,2005,52.8,15.5,1545.8,422.0
Чувашская Республика — Чувашия,2005,43.6,15.3,1278.9,421.0
Пермский край,2005,54.9,18.1,2718.8,2012.0
Кировская область,2005,39.7,19.3,1418.7,1056.0
Нижегородская область,2005,29.4,20,3414.3,1655.0
Оренбургская область,2005,39,15.7,2093.5,1699.0
Пензенская область,2005,37.2,18.1,1420.1,75.0
Самарская область,2005,38.9,16.1,3225.6,3995.0
Саратовская область,2005,30.9,16.9,2591.2,6101.0
Ульяновская область,2005,57,16.9,1340.3,926.0
Курганская область,2005,36.3,17.9,961.8,354.0
Свердловская область,2005,41,16.8,4356.4,12488.0
Тюменская область,2005,49.8,9.9,3293.8,9763.0
Ханты-Мансийский автономный округ — Югра,2005,52.4,7.1,1467.8,8637.0
Ямало-Ненецкий автономный округ,2005,61.9,6,517.4,57.0
Челябинская область,2005,45.5,16.4,3516.7,8229.0
Республика Алтай,2005,68.1,15.7,201.7,11.0
Республика Тыва,2005,55.2,14.3,302.9,27.0
Республика Хакасия,2005,49.9,17.6,533.8,322.0
Алтайский край,2005,39.6,16.9,2503.5,964.0
Красноярский край,2005,42.7,15.8,2869.3,3064.0
Иркутская область,2005,51.2,17.2,2492.2,2135.0
Кемеровская область — Кузбасс,2005,44.3,18.9,2805.9,4582.0
Новосибирская область,2005,37.4,16.1,2654.9,922.0
Омская область,2005,52.1,15.6,2016.3,1052.0
Томская область,2005,44.6,14.6,1024.3,2468.0
Республика Бурятия,2005,24.1,15.6,966.9,271.0
Республика Саха (Якутия),2005,32.6,10.2,954.4,1136.0
Забайкальский край,2005,35.1,17.3,1123.3,667.0
Камчатский край,2005,46.7,12.9,336.6,27.0
Приморский край,2005,44.6,16.3,2006.5,2058.0
Хабаровский край,2005,42,16.6,1376.3,1299.0
Амурская область,2005,39.5,17.2,861.0,819.0
Магаданская область,2005,66,13.7,170.4,307.0
Сахалинская область,2005,50,17.5,521.1,272.0
Еврейская автономная область,2005,48.2,18.3,181.7,13.0
Чукотский автономный округ,2005,56.8,11.5,52.4,177.0
Белгородская область,2006,41.0,15.3,1514.2,1626.0
Брянская область,2006,30.7,18.7,1312.7,116.0
Владимирская область,2006,42.9,19.1,1475.9,330.0
Воронежская область,2006,24.0,17.7,2353.8,3618.0
Ивановская область,2006,30.4,19.9,1089.8,198.0
Калужская область,2006,29.0,17.5,1020.2,144.0
Костромская область,2006,31.5,19.2,689.8,277.0
Курская область,2006,31.1,19.2,1161.6,5463.0
Липецкая область,2006,30.5,17.2,1190.4,2052.0
Московская область,2006,25.5,16.6,6846.8,3789.0
Орловская область,2006,34.3,18.2,811.4,391.0
Рязанская область,2006,47.5,19.1,1181.5,2378.0
Смоленская область,2006,35.3,20.3,1017.9,4752.0
Тамбовская область,2006,22.0,18.1,1127.0,259.0
Тверская область,2006,37.4,21.7,1398.9,4524.0
Тульская область,2006,32.0,20.7,1600.1,2696.0
Ярославская область,2006,39.0,18.5,1300.0,598.0
г. Москва,2006,29.9,11.6,11091.4,5810.0
Республика Карелия,2006,52.6,17.5,665.0,1057.0
Республика Коми,2006,56.8,14.2,944.8,1386.0
Архангельская область,2006,49.5,15.9,1266.7,861.0
Ненецкий автономный округ,2006,67.4,12.9,41.8,6.0
Вологодская область,2006,43.2,17.1,1225.8,3641.0
Калининградская область,2006,44.0,16.5,934.3,288.0
Ленинградская область,2006,22.7,18.7,1691.1,1355.0
Мурманская область,2006,43.3,13.2,824.0,980.0
Новгородская область,2006,34.1,21.5,657.6,552.0
Псковская область,2006,25.7,23.4,708.2,11.0
г. Санкт-Петербург,2006,46.1,14.8,4747.6,716.0
Республика Адыгея (Адыгея),2006,24.8,15.2,438.6,29.0
Республика Калмыкия,2006,25.2,10.9,293.0,0.93
Краснодарский край,2006,24.3,14.7,5142.9,1220.0
Астраханская область,2006,35.0,14.6,1001.3,267.0
Волгоградская область,2006,43.9,15.2,2630.0,1806.0
Ростовская область,2006,24.1,15.4,4314.6,1946.0
Республика Дагестан,2006,42.8,5.9,2735.8,22.0
Республика Ингушетия,2006,26.1,4.4,406.7,26.0
Кабардино-Балкарская Республика,2006,12.3,10.2,858.5,15.0
Карачаево-Черкесская Республика,2006,26.7,10.7,461.6,61.0
Республика Северная Осетия — Алания,2006,22.5,11.5,708.8,40.0
Чеченская Республика,2006,33.0,5.1,1172.0,0.0
Ставропольский край,2006,25.3,14,2747.1,946.0
Республика Башкортостан,2006,35.5,13.6,4053.4,5388.0
Республика Марий Эл,2006,38.6,15.9,708.6,192.0
Республика Мордовия,2006,32.9,16.2,857.9,270.0
Республика Татарстан (Татарстан),2006,34.8,13.1,3763.1,5164.0
Удмуртская Республика,2006,54.4,14.3,1538.6,429.0
Чувашская Республика — Чувашия,2006,40.9,14.8,1268.6,832.0
Пермский край,2006,54.4,16.7,2691.6,1934.0
Кировская область,2006,39.3,18,1396.0,1129.0
Нижегородская область,2006,30.9,19,3384.3,1682.0
Оренбургская область,2006,39.6,15.2,2067.9,1703.0
Пензенская область,2006,32.5,17,1411.7,77.0
Самарская область,2006,40.2,15.5,3224.0,4088.0
Саратовская область,2006,32.9,15.7,2572.4,7515.0
Ульяновская область,2006,52.1,16.3,1325.9,950.0
Курганская область,2006,36.0,16.8,946.1,377.0
Свердловская область,2006,39.4,15.5,4330.6,12702.0
Тюменская область,2006,53.3,9.4,3306.7,10146.0
Ханты-Мансийский автономный округ — Югра,2006,62.9,6.8,1475.2,8846.0
Ямало-Ненецкий автономный округ,2006,54.7,5.8,521.6,100.0
Челябинская область,2006,46.8,15.5,3497.0,8902.0
Республика Алтай,2006,75.6,14.1,201.8,12.0
Республика Тыва,2006,44.8,12.6,302.4,27.0
Республика Хакасия,2006,44.6,14.9,531.1,323.0
Алтайский край,2006,42.4,15.5,2473.0,985.0
Красноярский край,2006,41.3,14.1,2845.4,3063.0
Иркутская область,2006,54.4,15.4,2467.4,2049.0
Кемеровская область — Кузбасс,2006,45.8,17.5,2786.0,5028.0
Новосибирская область,2006,42.1,15.2,2647.2,937.0
Омская область,2006,58.3,15,2003.3,1151.0
Томская область,2006,50.6,13.6,1023.1,2385.0
Республика Бурятия,2006,26.8,14.4,964.6,329.0
Республика Саха (Якутия),2006,31.8,9.7,956.1,1126.0
Забайкальский край,2006,31.7,15.6,1115.1,631.0
Камчатский край,2006,46.4,11.8,330.8,27.0
Приморский край,2006,41.7,15,1988.6,1941.0
Хабаровский край,2006,42.6,15.3,1359.9,1323.0
Амурская область,2006,42.4,15.9,850.5,770.0
Магаданская область,2006,53.2,13.3,166.9,315.0
Сахалинская область,2006,48.9,15.2,513.4,267.0
Еврейская автономная область,2006,41.5,16.5,179.4,10.0
Чукотский автономный округ,2006,38.3,11.1,52.9,170.0
Белгородская область,2007,43.0,14.8,1520.1,1675.0
Брянская область,2007,32.3,17.9,1303.3,117.0
Владимирская область,2007,43.8,18.5,1466.8,337.0
Воронежская область,2007,22.4,17.3,2344.4,3292.0
Ивановская область,2007,29.2,18.8,1081.1,254.0
Калужская область,2007,30.7,17.1,1017.7,144.0
Костромская область,2007,31.3,18.1,683.4,247.0
Курская область,2007,28.8,18.2,1151.9,6083.0
Липецкая область,2007,29.6,16.8,1186.7,2074.0
Московская область,2007,27.6,16.1,6895.4,3925.0
Орловская область,2007,33.6,17.8,805.2,384.0
Рязанская область,2007,44.9,18.9,1174.3,2515.0
Смоленская область,2007,32.8,19.1,1009.0,4721.0
Тамбовская область,2007,20.9,17.4,1116.4,242.0
Тверская область,2007,39.3,20.5,1387.0,4581.0
Тульская область,2007,31.6,20.1,1588.0,2940.0
Ярославская область,2007,40.0,17.8,1292.5,593.0
г. Москва,2007,29.9,11.1,11186.9,6015.0
Республика Карелия,2007,51.2,16.6,659.4,1056.0
Республика Коми,2007,55.9,13.1,934.9,1441.0
Архангельская область,2007,51.8,14.9,1257.2,855.0
Ненецкий автономный округ,2007,63.9,12.6,41.9,7.0
Вологодская область,2007,41.2,16,1219.8,3721.0
Калининградская область,2007,44.7,15.4,935.3,255.0
Ленинградская область,2007,25.0,17.6,1692.5,1353.0
Мурманская область,2007,41.2,12.2,815.1,1018.0
Новгородская область,2007,36.0,20.1,652.2,582.0
Псковская область,2007,26.7,21,699.6,8.0
г. Санкт-Петербург,2007,47.9,14.2,4764.8,684.0
Республика Адыгея (Адыгея),2007,26.1,14.7,437.9,29.0
Республика Калмыкия,2007,35.1,10.7,291.7,0.97
Краснодарский край,2007,25.1,14.3,5170.7,1198.0
Астраханская область,2007,32.4,14,1005.9,264.0
Волгоградская область,2007,38.1,14.6,2623.1,1760.0
Ростовская область,2007,23.6,14.8,4297.6,2073.0
Республика Дагестан,2007,47.1,5.6,2788.6,20.0
Республика Ингушетия,2007,34.7,4,406.6,26.0
Кабардино-Балкарская Республика,2007,12.6,9.8,857.3,15.0
Карачаево-Черкесская Республика,2007,27.0,10,466.4,61.0
Республика Северная Осетия — Алания,2007,23.2,11,711.5,37.0
Чеченская Республика,2007,33.6,4.8,1196.9,0.0
Ставропольский край,2007,22.5,13.1,2759.7,960.0
Республика Башкортостан,2007,36.5,13.6,4054.8,5575.0
Республика Марий Эл,2007,44.2,15.2,704.9,207.0
Республика Мордовия,2007,36.9,15.6,851.7,273.0
Республика Татарстан (Татарстан),2007,34.2,13,3766.8,5216.0
Удмуртская Республика,2007,54.4,14.1,1533.0,420.0
Чувашская Республика — Чувашия,2007,44.1,14.7,1263.0,531.0
Пермский край,2007,53.4,15.9,2674.0,2076.0
Кировская область,2007,38.7,17.2,1379.4,1147.0
Нижегородская область,2007,30.5,18.3,3362.8,1543.0
Оренбургская область,2007,37.0,15,2055.7,1710.0
Пензенская область,2007,31.2,15.9,1405.4,84.0
Самарская область,2007,40.8,15.1,3220.9,3878.0
Саратовская область,2007,31.0,15.5,2558.3,7388.0
Ульяновская область,2007,52.3,15.7,1316.2,953.0
Курганская область,2007,40.3,16.3,934.5,378.0
Свердловская область,2007,41.5,14.9,4320.1,12713.0
Тюменская область,2007,49.3,9.1,3330.6,10661.0
Ханты-Мансийский автономный округ — Югра,2007,55.5,6.8,1491.2,9318.0
Ямало-Ненецкий автономный округ,2007,54.9,5.6,524.0,61.0
Челябинская область,2007,50.1,15,3489.1,9122.0
Республика Алтай,2007,66.3,12.7,203.1,14.0
Республика Тыва,2007,53.8,12.2,303.8,32.0
Республика Хакасия,2007,46.2,13.8,531.3,318.0
Алтайский край,2007,41.6,15.2,2453.5,1001.0
Красноярский край,2007,42.1,13.5,2837.0,3182.0
Иркутская область,2007,57.0,14.3,2455.4,2033.0
Кемеровская область — Кузбасс,2007,40.7,16.8,2780.2,4998.0
Новосибирская область,2007,44.1,14.7,2642.7,885.0
Омская область,2007,54.5,14.8,1993.3,1154.0
Томская область,2007,43.5,12.9,1026.3,2414.0
Республика Бурятия,2007,26.2,13.3,965.2,276.0
Республика Саха (Якутия),2007,27.9,9.6,958.9,1045.0
Забайкальский край,2007,31.7,14.5,1111.4,917.0
Камчатский край,2007,53.1,11.7,327.9,24.0
Приморский край,2007,43.1,14.7,1977.4,1806.0
Хабаровский край,2007,43.1,14.7,1354.9,1296.0
Амурская область,2007,40.8,14.7,844.3,774.0
Магаданская область,2007,63.6,13.3,164.0,329.0
Сахалинская область,2007,50.2,14.4,509.4,281.0
Еврейская автономная область,2007,47.6,15.6,178.7,9.0
Чукотский автономный округ,2007,41.0,11.3,52.8,168.0
Белгородская область,2008,46.7,14.7,1526.3,1533.0
Брянская область,2008,30.1,17.8,1294.3,113.0
Владимирская область,2008,45.4,18.5,1457.9,316.0
Воронежская область,2008,21.3,17.2,2339.0,3508.0
Ивановская область,2008,25.9,19.3,1074.3,257.0
Калужская область,2008,28.0,17.1,1015.6,144.0
Костромская область,2008,27.4,18.4,677.8,341.0
Курская область,2008,30.6,18.5,1143.3,5247.0
Липецкая область,2008,30.3,16.9,1182.0,2032.0
Московская область,2008,27.4,16.1,6958.0,3576.0
Орловская область,2008,30.6,17.6,798.9,369.0
Рязанская область,2008,44.4,18.4,1167.9,2681.0
Смоленская область,2008,31.3,19.2,1000.7,5187.0
Тамбовская область,2008,21.5,17.6,1107.8,233.0
Тверская область,2008,36.6,20.6,1375.4,4579.0
Тульская область,2008,31.2,20.1,1576.4,3058.0
Ярославская область,2008,42.2,17.7,1286.1,613.0
г. Москва,2008,28.6,11.1,11281.6,5797.0
Республика Карелия,2008,49.8,17,653.7,1056.0
Республика Коми,2008,51.5,13.2,922.3,1460.0
Архангельская область,2008,48.8,14.8,1246.2,875.0
Ненецкий автономный округ,2008,67.9,12.8,41.8,7.0
Вологодская область,2008,43.5,16.4,1214.2,3655.0
Калининградская область,2008,41.3,15.3,936.6,255.0
Ленинградская область,2008,24.1,17.3,1698.9,1358.0
Мурманская область,2008,39.9,12.5,805.6,1053.0
Новгородская область,2008,33.3,20.9,645.4,572.0
Псковская область,2008,24.7,21.8,690.3,6.0
г. Санкт-Петербург,2008,47.0,14,4798.7,806.0
Республика Адыгея (Адыгея),2008,24.0,15,439.4,29.0
Республика Калмыкия,2008,23.6,10.2,290.3,0.9
Краснодарский край,2008,24.7,14.1,5194.4,1216.0
Астраханская область,2008,29.9,13.5,1009.9,265.0
Волгоградская область,2008,36.9,14.4,2618.1,1716.0
Ростовская область,2008,23.7,14.9,4292.5,2280.0
Республика Дагестан,2008,43.6,5.6,2826.5,20.0
Республика Ингушетия,2008,42.2,3.8,409.2,26.0
Кабардино-Балкарская Республика,2008,12.9,9.4,858.1,13.0
Карачаево-Черкесская Республика,2008,26.4,10.1,470.1,61.0
Республика Северная Осетия — Алания,2008,22.5,11.2,711.7,39.0
Чеченская Республика,2008,28.3,4.5,1224.4,0.0
Ставропольский край,2008,21.7,13.1,2767.6,938.0
Республика Башкортостан,2008,34.7,13.7,4059.4,5185.0
Республика Марий Эл,2008,39.8,15.2,701.6,214.0
Республика Мордовия,2008,36.6,15.5,845.0,272.0
Республика Татарстан (Татарстан),2008,36.3,13,3773.5,5399.0
Удмуртская Республика,2008,49.1,14,1528.2,422.0
Чувашская Республика — Чувашия,2008,47.7,14.6,1258.2,440.0
Пермский край,2008,54.8,15.8,2660.4,2178.0
Кировская область,2008,37.8,17.5,1365.0,1084.0
Нижегородская область,2008,29.7,18.2,3343.7,1547.0
Оренбургская область,2008,37.7,15.1,2044.3,1755.0
Пензенская область,2008,32.3,16.1,1398.1,84.0
Самарская область,2008,38.5,15,3221.5,3798.0
Саратовская область,2008,27.5,15.4,2545.3,7593.0
Ульяновская область,2008,47.5,15.2,1308.7,919.0
Курганская область,2008,40.2,16.7,925.2,396.0
Свердловская область,2008,37.4,15,4314.3,12754.0
Тюменская область,2008,49.6,9.2,3351.7,10572.0
Ханты-Мансийский автономный округ — Югра,2008,52.2,6.8,1504.3,9218.0
Ямало-Ненецкий автономный округ,2008,51.7,5.7,523.0,63.0
Челябинская область,2008,50.0,15.1,3484.8,9126.0
Республика Алтай,2008,44.5,12.5,204.7,15.0
Республика Тыва,2008,41.4,11.6,305.3,16.0
Республика Хакасия,2008,48.2,14,531.9,343.0
Алтайский край,2008,38.2,15.3,2438.9,1020.0
Красноярский край,2008,38.5,13.8,2832.6,3436.0
Иркутская область,2008,48.1,14.4,2448.3,2290.0
Кемеровская область — Кузбасс,2008,41.3,16.6,2776.4,5038.0
Новосибирская область,2008,41.8,14.5,2648.9,947.0
Омская область,2008,67.9,14.5,1987.7,1288.0
Томская область,2008,35.8,13,1031.5,878.0
Республика Бурятия,2008,24.6,13.4,966.6,322.0
Республика Саха (Якутия),2008,29.6,10,958.1,1093.0
Забайкальский край,2008,31.5,14.4,1109.2,903.0
Камчатский край,2008,47.4,12,325.2,26.0
Приморский край,2008,49.9,14.7,1969.6,1868.0
Хабаровский край,2008,40.3,14.5,1351.1,1401.0
Амурская область,2008,39.7,15.6,838.9,759.0
Магаданская область,2008,61.4,13.9,160.9,354.0
Сахалинская область,2008,53.1,14.7,504.9,300.0
Еврейская автономная область,2008,44.9,15.9,178.1,9.0
Чукотский автономный округ,2008,34.1,11.8,52.1,172.0
Белгородская область,2009,44.9,14.4,1531.8,1421.0
Брянская область,2009,25.4,17,1286.5,61.0
Владимирская область,2009,44.7,18.2,1449.8,318.0
Воронежская область,2009,20.8,16.5,2334.9,3288.0
Ивановская область,2009,24.8,18.6,1067.8,244.0
Калужская область,2009,32.9,16.5,1015.0,141.0
Костромская область,2009,32.5,17.6,672.9,232.0
Курская область,2009,26.5,17.8,1135.0,5604.0
Липецкая область,2009,29.4,16.2,1177.0,2078.0
Московская область,2009,26.1,15.3,7024.2,3376.0
Орловская область,2009,27.5,17,793.1,366.0
Рязанская область,2009,42.5,17.7,1161.8,1804.0
Смоленская область,2009,27.5,18.7,993.0,5143.0
Тамбовская область,2009,20.7,17.1,1099.7,233.0
Тверская область,2009,36.1,19.9,1365.3,4499.0
Тульская область,2009,28.9,19.1,1564.7,2628.0
Ярославская область,2009,36.8,16.9,1280.1,519.0
г. Москва,2009,27.5,10.6,11382.2,5088.0
Республика Карелия,2009,47.8,16.3,648.7,1049.0
Республика Коми,2009,56.0,13.3,912.0,1430.0
Архангельская область,2009,48.2,14.5,1237.5,753.0
Ненецкий автономный округ,2009,74.6,11.8,42.1,8.0
Вологодская область,2009,38.0,16.3,1208.3,3433.0
Калининградская область,2009,43.8,14.6,938.6,252.0
Ленинградская область,2009,22.1,16.3,1704.9,1411.0
Мурманская область,2009,37.3,12.5,799.8,960.0
Новгородская область,2009,33.8,20.4,639.7,547.0
Псковская область,2009,59.5,21.1,681.9,6.0
г. Санкт-Петербург,2009,42.1,13.5,4832.8,793.0
Республика Адыгея (Адыгея),2009,22.3,14.1,439.8,29.0
Республика Калмыкия,2009,27.1,10.7,289.7,0.9
Краснодарский край,2009,22.0,13.5,5214.2,1193.0
Астраханская область,2009,28.8,13.3,1011.1,271.0
Волгоградская область,2009,32.6,14.4,2614.1,1567.0
Ростовская область,2009,23.0,14.5,4284.8,2270.0
Республика Дагестан,2009,41.9,5.9,2868.8,20.0
Республика Ингушетия,2009,47.6,4.6,411.7,0.2
Кабардино-Балкарская Республика,2009,11.8,9.8,859.6,11.0
Карачаево-Черкесская Республика,2009,27.9,10,473.8,60.0
Республика Северная Осетия — Алания,2009,24.7,11.2,711.7,31.0
Чеченская Республика,2009,27.9,5.4,1249.9,0.0
Ставропольский край,2009,21.2,12.9,2777.7,914.0
Республика Башкортостан,2009,33.1,13.1,4068.5,5013.0
Республика Марий Эл,2009,37.6,14.9,699.4,182.0
Республика Мордовия,2009,35.9,15.5,839.2,270.0
Республика Татарстан (Татарстан),2009,35.5,12.7,3784.5,5268.0
Удмуртская Республика,2009,47.0,13.2,1525.1,410.0
Чувашская Республика — Чувашия,2009,42.4,13.9,1255.9,416.0
Пермский край,2009,49.5,15.3,2648.7,2027.0
Кировская область,2009,37.9,17.1,1352.7,1061.0
Нижегородская область,2009,30.8,17.4,3326.8,1560.0
Оренбургская область,2009,34.9,14.3,2042.0,1773.0
Пензенская область,2009,29.1,15.6,1392.4,81.0
Самарская область,2009,37.1,14.6,3220.9,3428.0
Саратовская область,2009,28.0,15.2,2535.4,7472.0
Ульяновская область,2009,50.3,14.9,1301.7,818.0
Курганская область,2009,35.7,16.2,918.6,379.0
Свердловская область,2009,34.9,14.6,4308.5,12141.0
Тюменская область,2009,44.7,9,3378.8,10538.0
Ханты-Мансийский автономный округ — Югра,2009,48.1,6.7,1521.2,9245.0
Ямало-Ненецкий автономный округ,2009,50.1,5.6,524.1,67.0
Челябинская область,2009,49.2,14.4,3481.8,8428.0
Республика Алтай,2009,40.1,12.2,205.4,13.0
Республика Тыва,2009,64.8,12,307.3,14.0
Республика Хакасия,2009,42.7,13.6,532.7,357.0
Алтайский край,2009,36.0,14.7,2430.7,998.0
Красноярский край,2009,36.4,13.3,2832.9,3325.0
Иркутская область,2009,48.3,14.3,2440.4,2343.0
Кемеровская область — Кузбасс,2009,37.4,16.2,2773.0,4661.0
Новосибирская область,2009,35.1,14,2661.6,884.0
Омская область,2009,47.5,13.8,1984.0,1159.0
Томская область,2009,32.4,12.9,1040.3,819.0
Республика Бурятия,2009,22.3,12.9,969.7,303.0
Республика Саха (Якутия),2009,30.6,9.8,958.3,1004.0
Забайкальский край,2009,30.8,13.8,1109.0,857.0
Камчатский край,2009,48.7,12.5,323.1,19.0
Приморский край,2009,40.7,14,1965.2,1769.0
Хабаровский край,2009,37.1,14.2,1349.2,1400.0
Амурская область,2009,38.8,15.1,834.9,709.0
Магаданская область,2009,59.7,13.5,159.0,368.0
Сахалинская область,2009,55.3,14.7,501.3,282.0
Еврейская автономная область,2009,47.9,15.4,177.5,7.0
Чукотский автономный округ,2009,32.7,12.4,51.2,153.0
Белгородская область,2010,42.5,14.4,1532.4,1596.0
Брянская область,2010,27.8,17,1275.3,79.0
Владимирская область,2010,41.4,18,1441.1,248.0
Воронежская область,2010,20.2,17,2334.8,3060.0
Ивановская область,2010,24.4,18.4,1060.1,226.0
Калужская область,2010,33.1,16.5,1009.2,142.0
Костромская область,2010,30.9,17.7,666.4,124.0
Курская область,2010,26.1,17.6,1125.7,5875.0
Липецкая область,2010,25.5,16.7,1172.0,2092.0
Московская область,2010,25.5,15.4,7106.2,3071.0
Орловская область,2010,21.5,17.4,785.6,323.0
Рязанская область,2010,36.9,18.1,1151.8,1897.0
Смоленская область,2010,26.8,18.4,982.9,5008.0
Тамбовская область,2010,16.5,17.5,1089.7,227.0
Тверская область,2010,36.1,20.1,1350.1,4509.0
Тульская область,2010,28.2,19.3,1550.3,2334.0
Ярославская область,2010,36.8,17.2,1271.0,260.0
г. Москва,2010,26.9,11,11541.1,5813.0
Республика Карелия,2010,46.3,16.2,642.6,1106.0
Республика Коми,2010,49.6,13.1,899.2,1382.0
Архангельская область,2010,41.8,14.6,1224.9,809.0
Ненецкий автономный округ,2010,62.3,11.9,42.1,10.0
Вологодская область,2010,38.0,16.7,1201.2,3536.0
Калининградская область,2010,43.6,14.2,941.8,222.0
Ленинградская область,2010,24.2,15.8,1718.6,1372.0
Мурманская область,2010,36.1,11.9,794.1,920.0
Новгородская область,2010,34.1,20,632.8,568.0
Псковская область,2010,22.5,21.2,671.3,3.6
г. Санкт-Петербург,2010,42.4,13.4,4899.3,676.0
Республика Адыгея (Адыгея),2010,23.1,14.1,439.9,28.0
Республика Калмыкия,2010,25.8,11,288.9,0.0
Краснодарский край,2010,21.5,13.5,5230.0,1475.0
Астраханская область,2010,27.2,13.5,1009.8,261.0
Волгоградская область,2010,30.1,14.7,2607.5,1503.0
Ростовская область,2010,20.9,14.7,4275.2,3464.0
Республика Дагестан,2010,40.9,5.9,2914.2,22.0
Республика Ингушетия,2010,51.4,4.5,414.5,0.1
Кабардино-Балкарская Республика,2010,11.0,9.4,859.8,9.0
Карачаево-Черкесская Республика,2010,26.3,10,477.4,27.0
Республика Северная Осетия — Алания,2010,20.1,10.9,712.5,0.3
Чеченская Республика,2010,25.1,5.6,1275.1,4.0
Ставропольский край,2010,16.4,12.4,2785.5,914.0
Республика Башкортостан,2010,31.1,13.4,4072.1,5317.0
Республика Марий Эл,2010,36.5,15.2,695.5,185.0
Республика Мордовия,2010,29.9,15.7,833.3,270.0
Республика Татарстан (Татарстан),2010,35.3,13.1,3787.5,5383.0
Удмуртская Республика,2010,48.6,13.9,1520.4,419.0
Чувашская Республика — Чувашия,2010,37.4,14.5,1250.5,281.0
Пермский край,2010,46.5,15.3,2633.5,2020.0
Кировская область,2010,37.8,16.7,1338.8,1103.0
Нижегородская область,2010,30.3,17.9,3307.6,1386.0
Оренбургская область,2010,31.1,14.5,2031.5,1802.0
Пензенская область,2010,29.1,15.9,1384.0,68.0
Самарская область,2010,34.4,15.2,3215.3,3309.0
Саратовская область,2010,21.9,15.7,2519.3,7208.0
Ульяновская область,2010,53.4,15.7,1290.5,868.0
Курганская область,2010,37.0,16,908.8,353.0
Свердловская область,2010,36.2,14.3,4297.3,13297.0
Тюменская область,2010,41.3,9,3405.3,11475.0
Ханты-Мансийский автономный округ — Югра,2010,49.3,6.8,1537.2,10171.0
Ямало-Ненецкий автономный округ,2010,52.1,5.5,524.9,74.0
Челябинская область,2010,49.0,14.4,3475.6,9210.0
Республика Алтай,2010,33.3,12.2,206.5,16.0
Республика Тыва,2010,48.8,11.6,308.1,21.0
Республика Хакасия,2010,36.4,13.8,532.3,357.0
Алтайский край,2010,34.1,15,2417.3,859.0
Красноярский край,2010,31.2,13.5,2829.1,3251.0
Иркутская область,2010,50.0,14.4,2428.0,2544.0
Кемеровская область — Кузбасс,2010,36.7,16.1,2761.3,4524.0
Новосибирская область,2010,33.5,13.9,2666.5,978.0
Омская область,2010,42.9,13.9,1976.6,1202.0
Томская область,2010,32.0,12.6,1048.5,882.0
Республика Бурятия,2010,19.1,12.7,971.5,286.0
Республика Саха (Якутия),2010,30.5,9.8,958.2,1063.0
Забайкальский край,2010,33.5,13.8,1106.2,820.0
Камчатский край,2010,48.2,12.6,321.7,10.0
Приморский край,2010,39.2,14.3,1953.5,1846.0
Хабаровский край,2010,37.8,14.6,1342.9,1339.0
Амурская область,2010,35.6,15.3,828.7,719.0
Магаданская область,2010,60.7,13,156.5,405.0
Сахалинская область,2010,55.7,14.9,496.7,273.0
Еврейская автономная область,2010,42.7,15.5,176.3,6.0
Чукотский автономный округ,2010,40.5,13.8,50.4,174.0
Белгородская область,2011,48.4,14.1,1536.6,1691.0
Брянская область,2011,27.7,16.1,1263.7,102.0
Владимирская область,2011,42.4,17.1,1433.6,314.0
Воронежская область,2011,19.3,15.9,2332.7,2799.0
Ивановская область,2011,25.1,17,1049.1,196.0
Калужская область,2011,27.1,15.4,1013.8,141.0
Костромская область,2011,30.0,16.6,657.8000000000001,97.0
Курская область,2011,25.4,16.8,1121,6025.0
Липецкая область,2011,30.3,15.2,1168.1,2086.0
Московская область,2011,26.2,14.1,7243.7,3060.0
Орловская область,2011,25.4,16.3,780.9,383.0
Рязанская область,2011,35.0,16.4,1149.6,1964.0
Смоленская область,2011,24.6,16.8,978.3,4960.0
Тамбовская область,2011,18.0,16.4,1082.3,232.0
Тверская область,2011,39.9,18.7,1341.8,4595.0
Тульская область,2011,26.7,17.7,1550.1,2221.0
Ярославская область,2011,36.6,15.8,1269.1,256.0
г. Москва,2011,26.8,9.6,11668.7,5552.0
Республика Карелия,2011,46.7,14.8,635.1,1064.0
Республика Коми,2011,47.9,12.4,883.1,1462.0
Архангельская область,2011,41.9,13.9,1204.1,813.0
Ненецкий автономный округ,2011,81.7,10.5,42.2,9.0
Вологодская область,2011,37.6,15.7,1198.4,3616.0
Калининградская область,2011,36.3,13.3,947,457.0
Ленинградская область,2011,22.9,14.6,1742.6,1162.0
Мурманская область,2011,35.2,11.6,782.2,1058.0
Новгородская область,2011,34.1,18.4,629.2,524.0
Псковская область,2011,27.4,19.4,665.4,3.3
г. Санкт-Петербург,2011,42.0,12.5,4974.8,742.0
Республика Адыгея (Адыгея),2011,26.6,13.7,445,28.0
Республика Калмыкия,2011,25.4,10.2,286.4,0.0
Краснодарский край,2011,21.5,13.5,5297.2,1903.0
Астраханская область,2011,25.0,13,1011.5,243.0
Волгоградская область,2011,28.6,13.8,2598.6,1600.0
Ростовская область,2011,20.0,14.3,4264,3895.0
Республика Дагестан,2011,37.8,5.8,2934.6,19.0
Республика Ингушетия,2011,45.6,4,429.3,0.0
Кабардино-Балкарская Республика,2011,10.6,9.4,861.7,14.0
Карачаево-Черкесская Республика,2011,22.0,9.9,474.8,28.0
Республика Северная Осетия — Алания,2011,19.5,10.9,708.9,32.0
Чеченская Республика,2011,24.2,5.3,1302.4,5.0
Ставропольский край,2011,18.4,12.3,2797.9,879.0
Республика Башкортостан,2011,30.4,13.4,4072.6,5349.0
Республика Марий Эл,2011,33.1,14.2,693,200.0
Республика Мордовия,2011,30.8,14.8,826.3,302.0
Республика Татарстан (Татарстан),2011,36.6,12.4,3812.4,5502.0
Удмуртская Республика,2011,42.7,13.4,1514.8,357.0
Чувашская Республика — Чувашия,2011,35.9,13.6,1245.5,484.0
Пермский край,2011,42.9,14.7,2628.6,2108.0
Кировская область,2011,35.2,15.9,1319.7,1028.0
Нижегородская область,2011,29.5,16.4,3293.6,1572.0
Оренбургская область,2011,30.0,14.3,2017,1887.0
Пензенская область,2011,30.3,15.2,1375.2,84.0
Самарская область,2011,28.5,14.4,3217,3159.0
Саратовская область,2011,22.2,14.5,2514.9,7344.0
Ульяновская область,2011,47.3,14.8,1280.8,583.0
Курганская область,2011,40.7,15.7,893.2,340.0
Свердловская область,2011,33.2,14.1,4307.5,12621.0
Тюменская область,2011,38.8,8.5,3461.1,10577.0
Ханты-Мансийский автономный округ — Югра,2011,45.4,6.5,1562.2,9289.0
Ямало-Ненецкий автономный округ,2011,51.0,5.4,532.9,79.0
Челябинская область,2011,46.1,14.2,3480.3,9300.0
Республика Алтай,2011,38.2,12.2,207.4,12.0
Республика Тыва,2011,49.2,11,309.6,20.0
Республика Хакасия,2011,36.5,13.4,532.5,402.0
Алтайский край,2011,32.2,14.6,2396.8,860.0
Красноярский край,2011,30.7,13,2839,3371.0
Иркутская область,2011,47.9,14,2425,2441.0
Кемеровская область — Кузбасс,2011,35.4,15.5,2749.7,4759.0
Новосибирская область,2011,48.9,13.6,2688.3,894.0
Омская область,2011,45.0,13.5,1972.3,1258.0
Томская область,2011,36.3,12.2,1057.2,896.0
Республика Бурятия,2011,20.4,12.7,971.3,302.0
Республика Саха (Якутия),2011,26.9,9.4,956.3,1539.0
Забайкальский край,2011,34.5,13.3,1095.5,878.0
Камчатский край,2011,51.4,12.1,318.3,13.0
Приморский край,2011,35.9,14.1,1948.4,2068.0
Хабаровский край,2011,37.9,14.5,1341.6,1310.0
Амурская область,2011,37.5,14.8,820.6,755.0
Магаданская область,2011,53.2,13,154.3,390.0
Сахалинская область,2011,49.4,14.2,493.7,263.0
Еврейская автономная область,2011,51.4,15.5,173.9,4.7
Чукотский автономный округ,2011,36.7,11.08,50.7,170.0
Белгородская область,2012,47.6,14,1541.9,1630.71
Брянская область,2012,28.3,16.2,1252.2,57.19
Владимирская область,2012,43.6,16.7,1425,312.27
Воронежская область,2012,18.5,15.6,2332.9,3459.11
Ивановская область,2012,31.6,17,1039.2,195.83
Калужская область,2012,28.6,15.6,1016.7,142.47
Костромская область,2012,28.3,16.2,651.1,128.53
Курская область,2012,27.7,16.6,1118.2,6135.11
Липецкая область,2012,30.1,15.3,1166.5,2157.48
Московская область,2012,24.7,13.7,7385.5,3065.09
Орловская область,2012,29.8,16.4,775.1,347.83
Рязанская область,2012,34.3,16.4,1147,1916.19
Смоленская область,2012,22.9,16.8,970.8,4999.37
Тамбовская область,2012,18.7,16.2,1075.4,219.06
Тверская область,2012,39.1,18.3,1333.3,5896.41
Тульская область,2012,27.2,17.7,1543.6,2174.24
Ярославская область,2012,34.1,15.9,1267.8,250.58
г. Москва,2012,24.9,10,11849.5,4615.59
Республика Карелия,2012,47.8,15.6,625.7,1018.38
Республика Коми,2012,51.9,12.4,867.2,1368.76
Архангельская область,2012,41.9,13.8,1183.6,848.04
Ненецкий автономный округ,2012,103.1,10.3,42.3,9.81
Вологодская область,2012,37.5,15.1,1196,3657.81
Калининградская область,2012,36.2,13.2,955.3,443.92
Ленинградская область,2012,22.6,14.6,1768.5,1089.53
Мурманская область,2012,32.8,11.4,769.2,1103.05
Новгородская область,2012,32.7,17.9,624.9,532.09
Псковская область,2012,28.9,19.6,658.3,4.52
г. Санкт-Петербург,2012,42.3,12.3,5071.5,860.62
Республика Адыгея (Адыгея),2012,27.8,13.2,449.7,27.91
Республика Калмыкия,2012,28.3,10.1,283.6,0.0
Краснодарский край,2012,22.7,13.1,5356.1,1885.47
Астраханская область,2012,24.1,12.7,1007.5,71.89
Волгоградская область,2012,30.6,13.6,2590.7,1564.44
Ростовская область,2012,21.2,14,4261.4,3743.15
Республика Дагестан,2012,36.3,5.7,2953.6,19.28
Республика Ингушетия,2012,46.2,3.7,440.1,0.0
Кабардино-Балкарская Республика,2012,12.1,8.9,865,12.67
Карачаево-Черкесская Республика,2012,28.4,9.8,472.3,28.81
Республика Северная Осетия — Алания,2012,17.8,10.6,706.2,32.17
Чеченская Республика,2012,23.4,5.5,1325.2,4.43
Ставропольский край,2012,21.0,12,2812.9,868.23
Республика Башкортостан,2012,30.9,13.2,4078,5336.5
Республика Марий Эл,2012,34.6,13.7,691.3,196.03
Республика Мордовия,2012,26.9,14.5,820.4,301.66
Республика Татарстан (Татарстан),2012,35.7,12.1,3841.4,5075.75
Удмуртская Республика,2012,45.3,12.9,1511,359.64
Чувашская Республика — Чувашия,2012,35.8,13.4,1240.5,549.96
Пермский край,2012,44.1,14.2,2629.5,1968.69
Кировская область,2012,34.0,15.8,1302.5,1058.86
Нижегородская область,2012,34.0,16.1,3283.2,1469.8
Оренбургская область,2012,31.3,14.1,2002.7,1883.33
Пензенская область,2012,30.0,15,1365.8,81.72
Самарская область,2012,34.9,13.9,3219.2,3185.22
Саратовская область,2012,22.6,14.3,2515.7,7281.47
Ульяновская область,2012,49.6,14.2,1272.1,771.13
Курганская область,2012,17.3,16.1,879.7,347.77
Свердловская область,2012,33.1,14,4315.7,11358.73
Тюменская область,2012,37.8,8.4,3514,10194.18
Ханты-Мансийский автономный округ — Югра,2012,41.9,6.3,1586,8772.67
Ямало-Ненецкий автономный округ,2012,45.2,5.4,534.1,105.7
Челябинская область,2012,42.7,14.2,3485.7,10546.88
Республика Алтай,2012,40.4,11.6,208.3,18.9
Республика Тыва,2012,50.7,11.2,311.2,37.62
Республика Хакасия,2012,38.4,13.4,533.7,413.66
Алтайский край,2012,31.8,14.7,2378,860.02
Красноярский край,2012,36.1,13,2847.7,3355.49
Иркутская область,2012,40.9,13.9,2423.2,2767.36
Кемеровская область — Кузбасс,2012,34.5,15.2,2740.2,5114.46
Новосибирская область,2012,34.2,13.6,2712.5,1016.09
Омская область,2012,45.2,13.8,1968.8,1453.54
Томская область,2012,32.9,11.9,1063.2,784.33
Республика Бурятия,2012,22.5,12.4,971.1999999999999,259.79
Республика Саха (Якутия),2012,27.8,9.3,956.4,1271.75
Забайкальский край,2012,29.4,13.2,1087.4,970.46
Камчатский край,2012,47.9,11.8,316.8,12.43
Приморский край,2012,33.9,13.7,1943.3,2121.04
Хабаровский край,2012,41.1,13.7,1340.5,1357.12
Амурская область,2012,35.1,14.8,815.2,751.85
Магаданская область,2012,60.7,12.7,152,443.31
Сахалинская область,2012,49.1,13.9,489.7,277.08
Еврейская автономная область,2012,53.1,15.3,171.7,6.25
Чукотский автономный округ,2012,28.0,11.475,50.3,166.3
Белгородская область,2013,48.6,13.8,1545.5,1654.6
Брянская область,2013,34.5,15.9,1240.6,38.55
Владимирская область,2013,46.7,16.6,1418.2,247.96
Воронежская область,2013,18.6,15.5,2332.9,3464.39
Ивановская область,2013,30.9,16.5,1028.5,185.15
Калужская область,2013,27.5,15,1020.9,135.62
Костромская область,2013,28.1,16.3,644.6,252.57
Курская область,2013,25.0,16.2,1117.3,5273.18
Липецкая область,2013,26.5,15.1,1166.1,2181.56
Московская область,2013,21.4,13.3,7519.7,2906.03
Орловская область,2013,29.4,16.3,768.9,320.06
Рязанская область,2013,33.6,15.7,1144.4,1908.14
Смоленская область,2013,29.1,16.5,961.4,4712.96
Тамбовская область,2013,17.3,16.1,1068.7,223.93
Тверская область,2013,35.0,18,1324.1,6381.73
Тульская область,2013,25.1,17.2,1538.3,2584.46
Ярославская область,2013,30.4,15.8,1265.9,249.81
г. Москва,2013,22.1,9.7,12036.4,4457.15
Республика Карелия,2013,39.1,15,615.9,889.55
Республика Коми,2013,50.9,12.2,852.1,1454.54
Архангельская область,2013,40.9,13.6,1163.7,836.92
Ненецкий автономный округ,2013,84.6,10.8,42.2,13.87
Вологодская область,2013,37.4,15,1193,3671.5
Калининградская область,2013,34.3,13.1,964,480.63
Ленинградская область,2013,20.1,14.3,1789.5,1285.04
Мурманская область,2013,37.4,11.2,754.1,943.19
Новгородская область,2013,32.2,17.9,621,558.27
Псковская область,2013,27.1,18.7,651.8,4.44
г. Санкт-Петербург,2013,38.7,11.7,5195.7,948.96
Республика Адыгея (Адыгея),2013,24.7,12.9,454.4,27.9
Республика Калмыкия,2013,24.3,9.9,281.3,0.21
Краснодарский край,2013,22.5,12.7,5443.4,1836.97
Астраханская область,2013,23.7,12.3,1007.4,229.23
Волгоградская область,2013,28.7,13.4,2580.7,1417.86
Ростовская область,2013,19.2,13.7,4255.7,3758.13
Республика Дагестан,2013,28.8,5.5,2975.1,19.4
Республика Ингушетия,2013,60.7,3.5,449.6,0.0
Кабардино-Балкарская Республика,2013,10.7,8.9,867.4,16.81
Карачаево-Черкесская Республика,2013,26.5,9.5,470.5,26.68
Республика Северная Осетия — Алания,2013,15.2,10.5,703.9,21.27
Чеченская Республика,2013,21.4,4.9,1347,4.39
Ставропольский край,2013,20.0,11.6,2827.6,849.11
Республика Башкортостан,2013,29.1,13.1,4095.3,5117.32
Республика Марий Эл,2013,34.4,13.7,690,193.85
Республика Мордовия,2013,27.9,14.8,815,257.19
Республика Татарстан (Татарстан),2013,33.2,12,3867.6,4656.53
Удмуртская Республика,2013,41.7,12.8,1507.3,337.6
Чувашская Республика — Чувашия,2013,35.4,13.2,1235.2,475.06
Пермский край,2013,37.1,14.1,2628.3,1500.9
Кировская область,2013,33.8,15.6,1286,1097.29
Нижегородская область,2013,31.5,15.9,3271.6,1515.48
Оренбургская область,2013,27.7,14,1988.2,1863.74
Пензенская область,2013,29.9,14.7,1356.6,81.15
Самарская область,2013,34.9,14.3,3220.1,3384.02
Саратовская область,2013,26.0,14.3,2515.2,7567.34
Ульяновская область,2013,39.4,14.4,1264.1,893.03
Курганская область,2013,51.6,16.2,868,321.1
Свердловская область,2013,34.5,13.7,4320.5,10874.11
Тюменская область,2013,38.6,8.2,3551.2,10322.91
Ханты-Мансийский автономный округ — Югра,2013,45.3,6.3,1600.3,8694.38
Ямало-Ненецкий автономный округ,2013,42.7,5.2,528.1,335.72
Челябинская область,2013,40.0,13.9,3490.8,9057.33
Республика Алтай,2013,37.9,11.5,208.6,13.32
Республика Тыва,2013,54.1,10.9,312.7,26.1
Республика Хакасия,2013,37.9,13.1,535.2,415.05
Алтайский край,2013,29.9,14.3,2359.5,770.38
Красноярский край,2013,34.6,12.7,2854.7,3322.01
Иркутская область,2013,46.9,13.6,2420.1,2389.35
Кемеровская область — Кузбасс,2013,32.6,14.5,2730.8,5043.35
Новосибирская область,2013,36.6,13.4,2735.8,821.18
Омская область,2013,41.4,13.4,1966.1,1399.27
Томская область,2013,31.7,11.8,1068.6,759.44
Республика Бурятия,2013,19.8,11.8,972.8,262.14
Республика Саха (Якутия),2013,34.6,8.7,956.2,1264.14
Забайкальский край,2013,29.9,12.6,1078.8,1066.58
Камчатский край,2013,56.7,11.5,314.3,11.22
Приморский край,2013,35.9,13.5,1932.6,1991.76
Хабаровский край,2013,37.6,13.3,1337.5,1387.5
Амурская область,2013,34.3,13.9,808.7,784.84
Магаданская область,2013,37.4,12,149.8,449.7
Сахалинская область,2013,46.4,13.2,485.4,217.15
Еврейская автономная область,2013,46.6,14.7,169,5.33
Чукотский автономный округ,2013,31.6,10.628,49.9,170.43
Белгородская область,2014,44.2,14.0,1549.8,1655.7
Брянская область,2014,32.9,16.1,1230.3,35.07
Владимирская область,2014,49.1,16.5,1412.1,247.5
Воронежская область,2014,16.0,15.6,2336.4,3317.57
Ивановская область,2014,28.1,16.7,1017.4,100.74
Калужская область,2014,25.9,15.0,1032.1,122.51
Костромская область,2014,28.1,16.2,638.7,420.67
Курская область,2014,20.1,16.6,1115.2,6145.36
Липецкая область,2014,27.3,15.3,1166.2,2138.74
Московская область,2014,23.2,13.1,7666.3,3112.08
Орловская область,2014,33.2,16.4,763.8,321.14
Рязанская область,2014,37.5,16.1,1140.2,1452.17
Смоленская область,2014,30.1,16.2,956.1,5453.63
Тамбовская область,2014,16.9,16.3,1061.9,223.76
Тверская область,2014,34.6,17.8,1313.5,6156.11
Тульская область,2014,24.8,16.9,1536.0,2095.79
Ярославская область,2014,29.5,15.6,1263.8,225.09
г. Москва,2014,21.7,9.7,12183.2,4227.77
Республика Карелия,2014,43.8,15.1,607.6,978.45
Республика Коми,2014,49.9,12.6,838.1,1497.2
Архангельская область,2014,41.6,13.6,1146.1,854.29
Ненецкий автономный округ,2014,67.0,9.1,42.3,5.84
Вологодская область,2014,38.6,14.8,1190.5,3686.92
Калининградская область,2014,35.6,13.2,970.1,495.4
Ленинградская область,2014,22.6,14.3,1808.8,1037.21
Мурманская область,2014,39.8,11.7,743.9,904.18
Новгородская область,2014,31.5,17.4,616.9,611.4
Псковская область,2014,27.5,18.6,644.7,4.31
г. Санкт-Петербург,2014,41.6,11.5,5276.2,763.12
Республика Адыгея (Адыгея),2014,23.5,13.0,460.0,27.9
Республика Калмыкия,2014,29.0,9.9,279.7,0.21
Краснодарский край,2014,20.9,12.8,5505.8,1706.32
Астраханская область,2014,21.4,12.8,1009.2,245.63
Волгоградская область,2014,26.5,13.6,2572.9,1433.46
Ростовская область,2014,18.2,14.0,4255.7,3635.86
Республика Дагестан,2014,31.1,5.5,3004.9,17.55
Республика Ингушетия,2014,60.1,3.5,459.3,0.0
Кабардино-Балкарская Республика,2014,11.6,8.7,872.8,15.18
Карачаево-Черкесская Республика,2014,27.9,9.7,470.0,26.54
Республика Северная Осетия — Алания,2014,21.8,10.7,704.8,18.78
Чеченская Республика,2014,23.6,5.1,1370.5,0.0
Ставропольский край,2014,19.1,11.6,2843.4,777.45
Республика Башкортостан,2014,28.5,13.0,4105.8,4761.25
Республика Марий Эл,2014,35.6,13.6,689.2,200.01
Республика Мордовия,2014,26.5,14.3,812.7,224.1
Республика Татарстан (Татарстан),2014,30.9,12.1,3894.5,4635.05
Удмуртская Республика,2014,39.7,12.9,1504.4,341.05
Чувашская Республика — Чувашия,2014,35.7,13.4,1231.8,475.86
Пермский край,2014,38.5,14.0,2626.0,1685.81
Кировская область,2014,34.0,15.5,1271.0,1040.99
Нижегородская область,2014,29.1,15.9,3257.0,1586.8
Оренбургская область,2014,34.7,14.4,1973.9,1742.57
Пензенская область,2014,29.8,14.8,1350.8,71.18
Самарская область,2014,37.4,14.2,3224.5,3188.23
Саратовская область,2014,25.7,14.0,2517.9,7464.34
Ульяновская область,2014,38.0,14.6,1257.9,682.47
Курганская область,2014,55.5,16.1,857.7,303.69
Свердловская область,2014,33.0,14.0,4327.2,10831.01
Тюменская область,2014,35.5,8.3,3587.6,10033.97
Ханты-Мансийский автономный округ — Югра,2014,40.6,6.4,1616.2,8459.87
Ямало-Ненецкий автономный округ,2014,38.2,5.2,524.2,320.87
Челябинская область,2014,41.0,13.8,3498.2000000000003,8588.7
Республика Алтай,2014,39.4,11.3,209.7,5.75
Республика Тыва,2014,50.9,10.9,315.1,16.18
Республика Хакасия,2014,45.8,13.1,537.3,454.16
Алтайский край,2014,31.4,14.4,2343.4,827.47
Красноярский край,2014,34.8,12.7,2861.3,3098.53
Иркутская область,2014,43.8,13.7,2417.2,2533.32
Кемеровская область — Кузбасс,2014,34.2,14.6,2720.3,4765.56
Новосибирская область,2014,32.4,13.2,2753.0,903.58
Омская область,2014,42.9,13.3,1967.8,1294.13
Томская область,2014,31.3,11.8,1072.4,766.87
Республика Бурятия,2014,20.1,11.5,976.9,272.72
Республика Саха (Якутия),2014,32.5,8.6,959.0,1250.7
Забайкальский край,2014,31.1,12.6,1072.1,1059.18
Камчатский край,2014,42.6,11.8,309.8,9.5
Приморский край,2014,34.8,13.5,1925.0,2029.59
Хабаровский край,2014,36.1,13.4,1335.2,1380.46
Амурская область,2014,32.0,13.9,806.5,811.51
Магаданская область,2014,35.9,12.0,147.4,445.36
Сахалинская область,2014,45.3,13.2,480.6,220.34
Еврейская автономная область,2014,47.5,15.1,166.4,5.55
Чукотский автономный округ,2014,27.2,11.056,49.7,173.2
Белгородская область,2015,43.3,13.9,1552.4,1627.91
Брянская область,2015,26.0,15.9,1223.1,29.96
Владимирская область,2015,46.6,16.4,1405.5,258.46
Воронежская область,2015,16.8,15.3,2340.1,3259.38
Ивановская область,2015,21.2,16.4,1005.1999999999999,173.81
Калужская область,2015,22.7,14.7,1037.0,95.88
Костромская область,2015,27.5,16.5,631.8,404.38
Курская область,2015,23.9,16.3,1117.5,6130.63
Липецкая область,2015,25.8,15.2,1167.0,2215.56
Московская область,2015,23.1,12.2,7805.8,2966.8
Орловская область,2015,31.0,16.4,757.9,316.57
Рязанская область,2015,32.4,15.7,1136.1,1195.59
Смоленская область,2015,25.9,16.5,948.0,5372.13
Тамбовская область,2015,16.9,16.1,1049.8,223.44
Тверская область,2015,35.7,17.7,1302.8,6953.96
Тульская область,2015,24.9,16.8,1535.3,2377.79
Ярославская область,2015,28.6,15.7,1262.1,225.71
г. Москва,2015,19.6,9.9,12372.9,4232.63
Республика Карелия,2015,41.2,16.0,596.2,963.47
Республика Коми,2015,48.3,12.8,824.1,1468.19
Архангельская область,2015,39.1,14.0,1127.8,841.49
Ненецкий автономный округ,2015,57.4,9.5,42.5,13.89
Вологодская область,2015,35.5,14.8,1187.2,3838.84
Калининградская область,2015,28.3,13.2,977.8,444.07
Ленинградская область,2015,23.0,13.7,1821.4,1148.1
Мурманская область,2015,35.7,12.0,734.1,1017.09
Новгородская область,2015,25.9,17.5,613.6,643.68
Псковская область,2015,25.8,18.4,638.6,2.14
г. Санкт-Петербург,2015,38.5,11.7,5331.2,700.62
Республика Адыгея (Адыгея),2015,22.8,12.6,465.2,27.9
Республика Калмыкия,2015,40.8,9.9,277.8,0.09
Краснодарский край,2015,17.7,12.9,5579.7,1764.48
Астраханская область,2015,16.8,12.5,1003.9,512.78
Волгоградская область,2015,23.4,13.7,2565.4,1376.66
Ростовская область,2015,16.6,13.8,4253.7,4805.22
Республика Дагестан,2015,28.7,5.4,3032.5,17.83
Республика Ингушетия,2015,45.2,3.4,467.20000000000005,0.0
Кабардино-Балкарская Республика,2015,9.7,8.6,878.5,16.64
Карачаево-Черкесская Республика,2015,21.1,9.6,469.8,26.84
Республика Северная Осетия — Алания,2015,18.0,10.7,703.4,20.33
Чеченская Республика,2015,14.9,4.9,1394.7,2.83
Ставропольский край,2015,17.1,11.4,2857.7,881.52
Республика Башкортостан,2015,24.9,13.1,4114.0,4850.31
Республика Марий Эл,2015,30.3,13.7,688.1,195.21
Республика Мордовия,2015,22.3,14.0,812.4,228.91
Республика Татарстан (Татарстан),2015,26.7,11.9,3919.1,4794.36
Удмуртская Республика,2015,42.4,13.0,1500.8,351.71
Чувашская Республика — Чувашия,2015,34.3,13.2,1229.0,475.92
Пермский край,2015,35.5,14.2,2620.8,1640.99
Кировская область,2015,29.2,15.6,1257.0,997.76
Нижегородская область,2015,29.2,15.6,3244.1,1591.42
Оренбургская область,2015,33.4,14.3,1960.6,1672.01
Пензенская область,2015,26.2,14.9,1342.6,75.87
Самарская область,2015,38.6,14.2,3220.8,3026.74
Саратовская область,2015,23.1,14.0,2518.6,7281.39
Ульяновская область,2015,35.6,14.9,1251.9,676.21
Курганская область,2015,54.7,16.4,846.8,303.94
Свердловская область,2015,31.1,14.1,4329.7,10638.03
Тюменская область,2015,32.5,8.3,3623.5,9914.63
Ханты-Мансийский автономный округ — Югра,2015,36.0,6.4,1632.0,8600.9
Ямало-Ненецкий автономный округ,2015,33.2,5.4,514.3,309.18
Челябинская область,2015,37.2,13.9,3502.0,8251.25
Республика Алтай,2015,35.2,11.2,210.1,6.26
Республика Тыва,2015,41.1,10.3,317.2,22.53
Республика Хакасия,2015,39.1,13.4,538.9,540.85
Алтайский край,2015,31.0,14.4,2325.0,908.24
Красноярский край,2015,30.8,12.6,2869.7,3224.23
Иркутская область,2015,37.9,13.6,2415.7,2581.15
Кемеровская область — Кузбасс,2015,31.7,14.5,2711.9,4894.92
Новосибирская область,2015,26.4,13.0,2770.0,881.37
Омская область,2015,37.3,13.4,1965.5,1313.31
Томская область,2015,32.2,11.6,1074.3,745.24
Республика Бурятия,2015,19.0,11.4,980.1,292.79
Республика Саха (Якутия),2015,26.6,8.5,962.5,1246.28
Забайкальский край,2015,20.7,13.1,1063.9,1093.57
Камчатский край,2015,33.7,11.8,306.8,9.44
Приморский край,2015,31.7,13.5,1918.5,2121.48
Хабаровский край,2015,33.2,13.4,1331.0,1602.65
Амурская область,2015,30.6,13.9,801.5,810.9
Магаданская область,2015,43.0,11.9,145.5,431.71
Сахалинская область,2015,36.9,13.5,477.5,187.36
Еврейская автономная область,2015,42.9,15.6,163.9,7.87
Чукотский автономный округ,2015,23.4,9.687,49.2,162.1
Белгородская область,2016,46.0,13.9,1555.5,1889.67
Брянская область,2016,26.5,15.6,1218.0,28.5
Владимирская область,2016,36.7,16.4,1399.8,250.89
Воронежская область,2016,14.4,15.2,2343.4,4301.93
Ивановская область,2016,25.6,16.5,993.8,234.23
Калужская область,2016,20.7,14.6,1047.4,74.22
Костромская область,2016,26.3,16.2,624.5,394.62
Курская область,2016,22.2,16.1,1120.0,5878.35
Липецкая область,2016,26.1,15.0,1169.5,2217.45
Московская область,2016,20.7,12.1,7960.0,3120.57
Орловская область,2016,27.7,16.5,752.6,571.87
Рязанская область,2016,29.0,15.9,1134.0,1020.75
Смоленская область,2016,25.9,16.4,940.6,4872.56
Тамбовская область,2016,18.1,15.9,1039.7,220.57
Тверская область,2016,29.7,17.7,1294.5,6354.23
Тульская область,2016,22.6,16.6,1534.5,2118.18
Ярославская область,2016,29.9,15.9,1258.9,153.25
г. Москва,2016,21.1,10.0,12480.2,4077.04
Республика Карелия,2016,44.9,15.8,585.8,1079.11
Республика Коми,2016,47.7,12.9,811.5,1430.57
Архангельская область,2016,42.6,14.1,1110.6,842.13
Ненецкий автономный округ,2016,57.5,9.2,42.3,19.39
Вологодская область,2016,35.3,15.0,1183.3,3956.21
Калининградская область,2016,40.1,12.5,987.9,483.64
Ленинградская область,2016,19.4,13.6,1841.9,1043.11
Мурманская область,2016,38.2,12.0,724.1,1021.66
Новгородская область,2016,24.1,17.5,610.0,889.88
Псковская область,2016,26.9,18.2,632.8,3.18
г. Санкт-Петербург,2016,38.4,11.5,5405.4,726.77
Республика Адыгея (Адыгея),2016,19.6,12.5,469.90000000000003,27.62
Республика Калмыкия,2016,27.1,9.8,276.9,0.09
Краснодарский край,2016,17.6,12.7,5650.2,1776.64
Астраханская область,2016,19.5,12.2,1001.5,492.67
Волгоградская область,2016,22.4,13.6,2558.5,1340.13
Ростовская область,2016,17.9,13.8,4252.7,5161.61
Республика Дагестан,2016,29.9,5.2,3061.3,17.7
Республика Ингушетия,2016,28.0,3.3,473.6,0.0
Кабардино-Балкарская Республика,2016,10.2,8.4,883.9,15.2
Карачаево-Черкесская Республика,2016,22.4,9.5,469.3,26.18
Республика Северная Осетия — Алания,2016,35.3,10.4,702.6,21.13
Чеченская Республика,2016,13.4,4.7,1415.0,0.05
Ставропольский край,2016,18.4,11.5,2872.1,837.81
Республика Башкортостан,2016,25.3,12.7,4118.8,5200.23
Республика Марий Эл,2016,34.0,13.2,687.4,213.18
Республика Мордовия,2016,20.6,14.0,814.4,190.66
Республика Татарстан (Татарстан),2016,28.6,11.4,3946.7,5251.51
Удмуртская Республика,2016,42.2,12.8,1497.2,359.37
Чувашская Республика — Чувашия,2016,31.7,13.3,1226.8,437.95
Пермский край,2016,35.4,13.9,2615.9,1613.49
Кировская область,2016,27.6,15.4,1243.5,1018.3
Нижегородская область,2016,29.7,15.5,3228.5,1665.81
Оренбургская область,2016,31.5,13.8,1948.8,1713.09
Пензенская область,2016,23.2,14.6,1334.3,77.32
Самарская область,2016,35.0,13.8,3221.5,2848.72
Саратовская область,2016,22.0,13.8,2516.6,7574.12
Ульяновская область,2016,32.8,14.8,1246.0,873.83
Курганская область,2016,48.3,16.2,836.0,277.42
Свердловская область,2016,29.5,14.1,4328.9,9311.91
Тюменская область,2016,34.8,8.2,3669.9,9582.48
Ханты-Мансийский автономный округ — Югра,2016,38.8,6.2,1652.4,8379.06
Ямало-Ненецкий автономный округ,2016,38.8,5.5,512.5,326.15
Челябинская область,2016,36.5,13.6,3503.9,8119.21
Республика Алтай,2016,37.1,10.2,211.0,8.28
Республика Тыва,2016,48.2,9.8,320.4,22.97
Республика Хакасия,2016,34.9,12.8,540.1,573.74
Алтайский край,2016,32.0,14.4,2303.6,868.36
Красноярский край,2016,30.1,12.5,2879.2,2987.19
Иркутская область,2016,38.9,13.4,2412.4,2307.53
Кемеровская область — Кузбасс,2016,32.2,14.4,2702.0,4890.7
Новосибирская область,2016,25.8,13.0,2788.9,867.94
Омская область,2016,35.2,13.3,1957.1,1345.08
Томская область,2016,33.4,11.4,1075.9,764.34
Республика Бурятия,2016,16.2,11.3,981.6,279.92
Республика Саха (Якутия),2016,28.1,8.4,966.3,1290.43
Забайкальский край,2016,17.7,12.6,1056.0,1062.24
Камчатский край,2016,33.3,11.9,303.5,14.81
Приморский край,2016,33.3,13.7,1910.4,1838.33
Хабаровский край,2016,33.6,13.2,1329.1,1529.17
Амурская область,2016,32.3,13.8,796.8,817.64
Магаданская область,2016,46.2,11.5,144.6,436.04
Сахалинская область,2016,36.5,13.4,476.6,192.6
Еврейская автономная область,2016,44.2,15.4,161.6,9.59
Чукотский автономный округ,2016,34.2,10.183,48.6,172.21
Белгородская область,2017,42.6,13.5,1553.0,1918.32
Брянская область,2017,25.5,15.3,1208.2,27.48
Владимирская область,2017,33.6,15.6,1390.2,233.82
Воронежская область,2017,13.6,14.6,2343.1,3943.48
Ивановская область,2017,22.2,16.4,980.6,240.7
Калужская область,2017,24.7,14.3,1050.5,162.94
Костромская область,2017,24.3,15.5,615.7,204.49
Курская область,2017,19.4,15.6,1111.8,6114.86
Липецкая область,2017,23.2,14.5,1165.8,2165.56
Московская область,2017,20.0,11.5,8088.3,2583.6
Орловская область,2017,30.1,15.8,744.7,2698.03
Рязанская область,2017,30.0,15.2,1129.9,922.45
Смоленская область,2017,24.0,15.8,934.8,4900.03
Тамбовская область,2017,17.7,15.1,1033.0,220.62
Тверская область,2017,31.9,16.9,1281.2,7108.09
Тульская область,2017,21.0,16.1,1532.9,2158.82
Ярославская область,2017,28.3,15.3,1251.9,152.18
г. Москва,2017,20.6,9.5,12662.6,4457.85
Республика Карелия,2017,45.5,15.8,571.8,1046.44
Республика Коми,2017,52.8,12.4,795.8,844.55
Архангельская область,2017,44.5,13.7,1091.1,909.69
Ненецкий автономный округ,2017,52.4,9.0,42.0,24.04
Вологодская область,2017,38.8,14.4,1176.0,3885.1
Калининградская область,2017,33.0,12.5,996.5,485.96
Ленинградская область,2017,22.3,12.9,1871.4,1347.14
Мурманская область,2017,34.0,11.6,714.7,1033.52
Новгородская область,2017,26.1,17.2,603.7,927.49
Псковская область,2017,28.6,17.7,625.8,3.14
г. Санкт-Петербург,2017,40.3,11.1,5494.8,751.76
Республика Адыгея (Адыгея),2017,20.9,12.1,472.6,27.64
Республика Калмыкия,2017,22.1,9.9,274.5,0.09
Краснодарский край,2017,18.7,12.3,5695.9,1982.22
Астраханская область,2017,17.6,11.6,997.4,492.38
Волгоградская область,2017,25.0,13.0,2548.5,1286.81
Ростовская область,2017,14.3,13.3,4245.3,4991.7
Республика Дагестан,2017,21.7,5.0,3086.6,17.62
Республика Ингушетия,2017,27.2,3.3,480.1,0.0
Кабардино-Балкарская Республика,2017,8.9,8.3,888.5,14.71
Карачаево-Черкесская Республика,2017,17.6,9.1,469.9,25.85
Республика Северная Осетия — Алания,2017,35.1,10.3,700.7,23.46
Чеченская Республика,2017,13.3,4.6,1436.7,4.07
Ставропольский край,2017,22.4,10.9,2879.5,822.76
Республика Башкортостан,2017,22.8,12.2,4122.7,5098.98
Республика Марий Эл,2017,32.8,12.4,685.4,228.89
Республика Мордовия,2017,23.8,13.4,811.8,177.73
Республика Татарстан (Татарстан),2017,27.4,11.1,3966.8,5347.77
Удмуртская Республика,2017,44.8,12.1,1490.1,338.67
Чувашская Республика — Чувашия,2017,31.7,12.7,1221.6,436.51
Пермский край,2017,33.0,13.4,2604.4,1868.02
Кировская область,2017,27.7,15.1,1227.9,952.53
Нижегородская область,2017,23.5,14.8,3212.5,1505.77
Оренбургская область,2017,30.4,13.6,1930.5,1731.2
Пензенская область,2017,25.1,14.2,1323.2,76.8
Самарская область,2017,34.3,13.6,3214.3,3465.88
Саратовская область,2017,21.9,13.4,2506.6,7374.28
Ульяновская область,2017,34.0,14.1,1238.7,662.24
Курганская область,2017,43.9,15.6,824.4,282.08
Свердловская область,2017,28.6,13.3,4324.8,9321.55
Тюменская область,2017,34.4,7.8,3704.6,9282.07
Ханты-Мансийский автономный округ — Югра,2017,36.4,6.2,1662.5,7817.53
Ямало-Ненецкий автономный округ,2017,45.6,5.1,511.2,296.24
Челябинская область,2017,34.2,13.0,3494.8,6792.21
Республика Алтай,2017,41.0,10.0,211.1,9.4
Республика Тыва,2017,45.8,8.6,323.9,12.42
Республика Хакасия,2017,42.5,12.5,540.5,585.16
Алтайский край,2017,30.3,14.4,2277.7,814.78
Красноярский край,2017,29.3,12.3,2881.0,2860.14
Иркутская область,2017,38.9,12.9,2408.2,2474.96
Кемеровская область — Кузбасс,2017,36.4,14.2,2687.0,4895.42
Новосибирская область,2017,25.8,12.8,2799.7,849.79
Омская область,2017,33.2,13.0,1942.0,1271.37
Томская область,2017,32.5,11.4,1074.8,790.09
Республика Бурятия,2017,17.1,10.7,981.3,300.97
Республика Саха (Якутия),2017,26.8,8.1,968.1,1252.74
Забайкальский край,2017,20.6,12.0,1046.0,1005.65
Камчатский край,2017,41.5,11.4,302.5,15.3
Приморский край,2017,32.0,13.4,1898.5,1837.09
Хабаровский край,2017,35.9,13.0,1323.6,1581.85
Амурская область,2017,29.8,13.4,792.7,945.89
Магаданская область,2017,27.6,11.5,142.9,443.52
Сахалинская область,2017,39.1,12.3,478.3,190.36
Еврейская автономная область,2017,43.2,13.5,159.1,13.33
Чукотский автономный округ,2017,34.8,9.666,48.0,183.84
Белгородская область,2018,47.5,13.5,1550.9,1851.84
Брянская область,2018,25.9,15.2,1197.1000000000001,28.5
Владимирская область,2018,31.8,15.9,1379.4,259.43
Воронежская область,2018,12.6,14.6,2338.6,3521.13
Ивановская область,2018,21.3,16.7,965.3,213.58
Калужская область,2018,22.5,14.3,1053.4,175.09
Костромская область,2018,20.2,15.6,605.7,205.75
Курская область,2018,18.8,15.5,1103.2,5783.56
Липецкая область,2018,22.2,14.3,1162.0,2223.26
Московская область,2018,21.2,11.3,8233.2,2487.19
Орловская область,2018,33.3,15.9,736.5,3390.97
Рязанская область,2018,26.9,15.3,1123.8,701.36
Смоленская область,2018,24.9,15.8,925.7,4175.09
Тамбовская область,2018,18.9,15.6,1015.3,216.74
Тверская область,2018,33.9,16.9,1266.6,7173.24
Тульская область,2018,18.1,15.7,1525.8,1937.11
Ярославская область,2018,29.5,15.1,1243.8,154.54
г. Москва,2018,21.1,9.6,12827.7,4365.1
Республика Карелия,2018,50.5,16.2,559.4,1110.59
Республика Коми,2018,55.3,12.6,779.1,825.17
Архангельская область,2018,42.3,13.9,1071.6,912.11
Ненецкий автономный округ,2018,49.8,9.4,41.6,15.65
Вологодская область,2018,34.7,14.4,1166.9,3944.02
Калининградская область,2018,35.6,12.2,1004.5,487.04
Ленинградская область,2018,20.4,12.5,1913.5,1989.17
Мурманская область,2018,32.4,11.9,704.0,1053.68
Новгородская область,2018,24.8,16.8,597.0,948.07
Псковская область,2018,26.2,17.5,617.5,3.15
г. Санкт-Петербург,2018,36.9,10.8,5546.4,707.14
Республика Адыгея (Адыгея),2018,20.0,11.8,476.6,27.64
Республика Калмыкия,2018,21.9,9.7,271.7,0.09
Краснодарский край,2018,17.7,11.8,5753.799999999999,1485.32
Астраханская область,2018,18.1,11.8,991.1,492.2
Волгоградская область,2018,24.1,13.2,2538.7,1347.17
Ростовская область,2018,16.0,13.4,4230.6,6159.3
Республика Дагестан,2018,26.2,4.8,3113.0,17.74
Республика Ингушетия,2018,26.4,3.2,488.2,0.0
Кабардино-Балкарская Республика,2018,8.7,8.0,892.1,12.99
Карачаево-Черкесская Республика,2018,18.2,8.9,469.9,25.74
Республика Северная Осетия — Алания,2018,22.4,10.3,697.8,23.46
Чеченская Республика,2018,9.5,4.4,1456.4,0.19
Ставропольский край,2018,24.6,11.1,2884.9,832.68
Республика Башкортостан,2018,23.2,12.2,4118.0,5046.97
Республика Марий Эл,2018,26.8,12.6,683.9,225.13
Республика Мордовия,2018,23.6,13.3,803.3,181.98
Республика Татарстан (Татарстан),2018,26.9,11.2,3981.9,5569.33
Удмуртская Республика,2018,39.0,12.2,1481.3,452.62
Чувашская Республика — Чувашия,2018,32.2,12.7,1212.5,405.31
Пермский край,2018,32.7,13.6,2589.2,2090.76
Кировская область,2018,27.4,15.6,1209.6,1101.19
Нижегородская область,2018,24.4,15.1,3189.1,1459.96
Оренбургская область,2018,32.5,13.6,1909.9,1739.24
Пензенская область,2018,27.9,14.6,1308.1,73.37
Самарская область,2018,32.9,13.4,3206.8,3597.54
Саратовская область,2018,21.6,13.6,2490.8,7268.07
Ульяновская область,2018,34.7,14.3,1229.4,839.95
Курганская область,2018,45.2,15.9,810.5,279.92
Свердловская область,2018,30.5,13.5,4315.2,9425.71
Тюменская область,2018,34.6,7.9,3738.5,9148.21
Ханты-Мансийский автономный округ — Югра,2018,37.9,6.2,1672.3,7517.68
Ямало-Ненецкий автономный округ,2018,38.9,5.0,510.6,276.11
Челябинская область,2018,34.5,13.2,3477.9,7983.32
Республика Алтай,2018,41.2,10.4,210.9,20.54
Республика Тыва,2018,46.2,8.8,326.9,11.83
Республика Хакасия,2018,37.9,12.3,539.7,577.54
Алтайский край,2018,29.7,14.7,2250.1,816.65
Красноярский край,2018,28.0,12.4,2879.2,2807.51
Иркутская область,2018,38.1,13.0,2402.4,2704.37
Кемеровская область — Кузбасс,2018,31.2,14.5,2665.3,4789.56
Новосибирская область,2018,29.2,12.9,2805.8,763.71
Омская область,2018,26.9,13.0,1923.6,1223.65
Томская область,2018,29.6,11.1,1073.4,774.53
Республика Бурятия,2018,14.2,10.8,979.5,333.36
Республика Саха (Якутия),2018,29.0,7.8,971.4,1299.97
Забайкальский край,2018,19.2,12.6,1035.1,1144.74
Камчатский край,2018,37.7,11.8,299.9,10.66
Приморский край,2018,32.0,13.6,1886.3,1972.58
Хабаровский край,2018,34.5,12.9,1316.7,1549.96
Амурская область,2018,29.8,13.5,786.6,1033.0
Магаданская область,2018,17.8,11.5,139.9,465.75
Сахалинская область,2018,35.1,13.0,476.2,167.6
Еврейская автономная область,2018,43.1,13.9,156.7,13.49
Чукотский автономный округ,2018,26.1,11.385,48.1,155.46
Белгородская область,2019,25.3,13.3,1553.0,1775.85
Брянская область,2019,24.2,14.8,1189.2,27.75
Владимирская область,2019,27.0,15.4,1373.7,254.16
Воронежская область,2019,12.9,14.1,2336.3,4422.56
Ивановская область,2019,21.2,16.5,953.6,177.75
Калужская область,2019,25.6,13.9,1052.2,166.84
Костромская область,2019,25.1,15.5,598.0,586.27
Курская область,2019,22.9,15.0,1099.6,5356.65
Липецкая область,2019,22.7,14.0,1159.7,2181.41
Московская область,2019,19.8,11.0,8372.9,2326.12
Орловская область,2019,33.6,15.4,730.2,1989.44
Рязанская область,2019,26.9,15.0,1119.8,714.36
Смоленская область,2019,22.3,15.4,916.2,4370.13
Тамбовская область,2019,17.8,15.0,1005.8,178.35
Тверская область,2019,32.7,16.3,1257.0,6618.53
Тульская область,2019,19.2,15.3,1519.0,2259.82
Ярославская область,2019,29.2,14.9,1235.6,148.98
г. Москва,2019,22.1,9.3,12946.6,4715.23
Республика Карелия,2019,56.6,15.8,550.7,1121.95
Республика Коми,2019,53.0,12.8,763.4,1412.36
Архангельская область,2019,43.2,13.9,1055.5,866.23
Ненецкий автономный округ,2019,61.9,9.1,41.6,14.36
Вологодская область,2019,37.3,14.1,1159.6,4021.01
Калининградская область,2019,36.0,11.8,1015.3,484.97
Ленинградская область,2019,21.7,12.1,1950.9,2418.38
Мурманская область,2019,39.6,12.1,692.2,1062.82
Новгородская область,2019,25.9,16.5,592.8,1008.71
Псковская область,2019,27.5,17.2,612.5,3.01
г. Санкт-Петербург,2019,37.8,10.6,5580.8,738.64
Республика Адыгея (Адыгея),2019,17.7,11.7,487.5,27.64
Республика Калмыкия,2019,19.8,9.5,270.2,0.19
Краснодарский край,2019,18.2,12.1,5794.1,1887.65
Астраханская область,2019,15.5,11.6,979.9,358.5
Волгоградская область,2019,22.9,12.9,2526.2,1341.67
Ростовская область,2019,13.3,13.2,4229.5,6606.3
Республика Дагестан,2019,26.4,4.8,3140.9,12.63
Республика Ингушетия,2019,20.0,3.1,496.7,0.0
Кабардино-Балкарская Республика,2019,8.5,8.1,897.4,14.32
Карачаево-Черкесская Республика,2019,24.2,9.0,470.40000000000003,25.72
Республика Северная Осетия — Алания,2019,21.8,10.4,694.9,0.11
Чеченская Республика,2019,10.5,4.4,1477.7,0.19
Ставропольский край,2019,25.5,10.9,2904.1,864.25
Республика Башкортостан,2019,22.8,11.9,4112.900000000001,5272.13
Республика Марий Эл,2019,27.2,12.0,683.5,220.66
Республика Мордовия,2019,20.1,13.1,799.0,169.0
Республика Татарстан (Татарстан),2019,26.2,10.7,3996.4,5661.01
Удмуртская Республика,2019,41.7,12.1,1471.6,429.2
Чувашская Республика — Чувашия,2019,29.1,12.6,1206.0,381.23
Пермский край,2019,35.2,13.3,2574.7,1992.3
Кировская область,2019,32.3,15.1,1192.5,1102.45
Нижегородская область,2019,26.0,14.7,3174.2,2269.39
Оренбургская область,2019,19.5,13.4,1898.4,1940.96
Пензенская область,2019,24.5,14.1,1294.5,77.2
Самарская область,2019,33.9,13.1,3206.2,3587.48
Саратовская область,2019,22.1,13.4,2478.1,6837.17
Ульяновская область,2019,29.4,13.9,1219.7,629.85
Курганская область,2019,39.9,15.7,800.0,291.95
Свердловская область,2019,30.0,13.3,4310.1,9954.27
Тюменская область,2019,34.2,7.7,3773.2,9922.78
Ханты-Мансийский автономный округ — Югра,2019,37.5,6.0,1684.2,8108.25
Ямало-Ненецкий автономный округ,2019,43.9,5.0,510.1,337.72
Челябинская область,2019,33.2,13.1,3468.8,7856.3
Республика Алтай,2019,44.3,10.5,211.3,16.28
Республика Тыва,2019,50.7,8.2,330.0,11.28
Республика Хакасия,2019,35.0,12.4,538.2,586.56
Алтайский край,2019,30.7,14.6,2224.1,812.84
Красноярский край,2019,27.7,12.2,2872.1,2892.25
Иркутская область,2019,33.3,13.2,2396.4,2635.83
Кемеровская область — Кузбасс,2019,31.2,14.3,2647.7,4956.01
Новосибирская область,2019,27.4,12.7,2812.2,754.0
Омская область,2019,30.2,12.8,1903.6,702.39
Томская область,2019,29.5,11.3,1074.7,847.59
Республика Бурятия,2019,15.3,11.1,982.1,303.21
Республика Саха (Якутия),2019,26.2,7.8,976.7,1265.89
Забайкальский край,2019,18.5,12.8,1025.1,897.3
Камчатский край,2019,38.3,11.6,296.4,10.32
Приморский край,2019,35.4,13.7,1877.7,1978.7
Хабаровский край,2019,31.9,13.4,1310.4,1527.13
Амурская область,2019,30.7,14.2,782.7,1776.71
Магаданская область,2019,35.3,11.7,138.6,424.56
Сахалинская область,2019,36.6,12.9,473.7,177.76
Еврейская автономная область,2019,38.9,14.5,154.7,18.47
Чукотский автономный округ,2019,40.2,9.395,48.5,171.42
Белгородская область,2020,22.6,15.5,1545.5,1814.76
Брянская область,2020,20.6,17.0,1179.1,24.79
Владимирская область,2020,19.7,18.1,1359.0,233.38
Воронежская область,2020,9.4,16.4,2319.1,5178.0
Ивановская область,2020,16.3,18.6,938.8,153.79
Калужская область,2020,21.1,16.4,1056.0,163.42
Костромская область,2020,19.2,17.7,589.2,607.86
Курская область,2020,14.3,17.7,1091.6,5810.54
Липецкая область,2020,18.9,17.5,1150.6,2190.0
Московская область,2020,17.5,13.3,8436.9,1988.03
Орловская область,2020,25.5,18.5,721.0,1587.15
Рязанская область,2020,25.0,17.9,1110.4,740.59
Смоленская область,2020,17.2,17.5,900.3,4753.22
Тамбовская область,2020,15.8,17.9,993.0,181.14
Тверская область,2020,22.7,18.6,1241.8,5461.54
Тульская область,2020,14.4,18.0,1507.6,2181.28
Ярославская область,2020,18.6,17.5,1221.7,302.74
г. Москва,2020,16.9,11.6,12979.4,4561.53
Республика Карелия,2020,50.8,18.6,541.5,1080.07
Республика Коми,2020,37.0,14.6,750.4,1326.93
Архангельская область,2020,36.0,15.9,1037.3,936.42
Ненецкий автономный округ,2020,39.6,10.8,41.6,14.54
Вологодская область,2020,27.9,15.7,1150.1,4808.79
Калининградская область,2020,26.4,13.2,1021.6,485.07
Ленинградская область,2020,15.2,14.3,1977.3,2717.73
Мурманская область,2020,25.4,14.5,678.6,1058.9
Новгородская область,2020,20.2,18.4,588.3,1039.45
Псковская область,2020,20.2,19.5,605.1,3.01
г. Санкт-Петербург,2020,30.0,13.1,5588.5,699.56
Республика Адыгея (Адыгея),2020,12.6,12.6,490.4,27.66
Республика Калмыкия,2020,14.9,11.2,268.9,0.17
Краснодарский край,2020,15.1,14.2,5815.6,1677.11
Астраханская область,2020,12.2,14.0,969.0,387.87
Волгоградская область,2020,17.2,15.6,2513.6,1334.15
Ростовская область,2020,9.7,15.3,4216.6,6585.89
Республика Дагестан,2020,17.3,6.3,3164.8,11.23
Республика Ингушетия,2020,19.8,3.9,504.0,0.0
Кабардино-Балкарская Республика,2020,5.5,9.8,900.6,15.6
Карачаево-Черкесская Республика,2020,14.8,10.7,470.3,26.46
Республика Северная Осетия — Алания,2020,17.6,12.4,690.8,0.11
Чеченская Республика,2020,6.3,6.3,1496.6,0.0
Ставропольский край,2020,21.6,12.6,2904.2,896.72
Республика Башкортостан,2020,22.5,14.7,4096.1,4926.53
Республика Марий Эл,2020,22.1,14.4,679.8,218.52
Республика Мордовия,2020,13.2,16.5,788.7,162.2
Республика Татарстан (Татарстан),2020,20.6,13.6,3997.7,5025.54
Удмуртская Республика,2020,30.8,14.4,1460.9,408.05
Чувашская Республика — Чувашия,2020,20.0,15.7,1194.8,353.87
Пермский край,2020,25.1,15.7,2550.7,1985.95
Кировская область,2020,20.0,17.9,1172.8,1014.08
Нижегородская область,2020,22.3,17.5,3144.5,1308.73
Оренбургская область,2020,13.0,16.8,1879.3,1814.87
Пензенская область,2020,20.0,17.6,1278.8,73.78
Самарская область,2020,25.5,16.5,3183.9,3570.09
Саратовская область,2020,17.2,16.4,2457.6,7073.43
Ульяновская область,2020,19.6,17.1,1207.1,624.17
Курганская область,2020,31.2,18.0,788.4,289.59
Свердловская область,2020,22.5,15.7,4289.4,9771.64
Тюменская область,2020,24.0,9.2,3796.4,9368.0
Ханты-Мансийский автономный округ — Югра,2020,24.7,7.6,1698.2,7716.3
Ямало-Ненецкий автономный округ,2020,27.3,6.5,508.8,311.93
Челябинская область,2020,27.6,15.9,3445.5,7227.89
Республика Алтай,2020,36.7,11.8,211.2,9.17
Республика Тыва,2020,36.2,9.3,333.7,11.4
Республика Хакасия,2020,20.5,13.9,536.3,580.91
Алтайский край,2020,19.2,17.2,2193.0,771.76
Красноярский край,2020,18.6,14.3,2862.4,2817.02
Иркутская область,2020,25.8,14.9,2380.8,2689.04
Кемеровская область — Кузбасс,2020,24.7,16.3,2622.3,4653.68
Новосибирская область,2020,22.5,15.3,2801.4,747.93
Омская область,2020,25.1,15.8,1878.1,694.44
Томская область,2020,20.7,13.4,1065.3,803.68
Республика Бурятия,2020,12.4,12.0,980.9,258.54
Республика Саха (Якутия),2020,16.1,9.2,987.1999999999999,1300.96
Забайкальский край,2020,13.1,14.2,1014.7,1220.92
Камчатский край,2020,32.8,13.5,293.3,10.2
Приморский край,2020,28.3,15.6,1858.2,1746.83
Хабаровский край,2020,25.6,15.7,1295.1,1519.39
Амурская область,2020,21.2,16.3,773.7,1796.88
Магаданская область,2020,19.1,12.7,137.3,406.07
Сахалинская область,2020,32.0,14.2,469.3,162.85
Еврейская автономная область,2020,25.2,16.3,152.6,20.36
Чукотский автономный округ,2020,35.2,10.86,47.6,149.39
Белгородская область,2021,21.8,18.2,1536.5,1847.16
Брянская область,2021,19.4,20.3,1164.6,22.59
Владимирская область,2021,26.8,21.2,1342.3,295.29
Воронежская область,2021,8.9,20.2,2302.6,5003.91
Ивановская область,2021,16.2,21.6,924.1,133.01
Калужская область,2021,25.5,18.3,1073.3,168.79
Костромская область,2021,18.7,21.6,578.0,729.53
Курская область,2021,12.4,21.5,1078.2,5716.49
Липецкая область,2021,17.9,20.6,1138.1,2336.73
Московская область,2021,18.0,14.8,8542.3,2373.65
Орловская область,2021,25.0,20.9,710.0,959.83
Рязанская область,2021,22.1,21.6,1098.6,1150.88
Смоленская область,2021,16.6,21.1,886.9,5138.82
Тамбовская область,2021,15.4,20.9,979.1,180.6
Тверская область,2021,21.5,21.5,1226.0,6319.18
Тульская область,2021,14.7,20.4,1496.7,2081.07
Ярославская область,2021,22.1,20.7,1205.7,338.15
г. Москва,2021,18.2,13.3,13015.1,4862.33
Республика Карелия,2021,59.8,23.2,532.4,1104.79
Республика Коми,2021,41.0,17.6,734.4,1305.41
Архангельская область,2021,41.2,19.3,1016.0,935.15
Ненецкий автономный округ,2021,45.9,12.8,41.4,12.77
Вологодская область,2021,29.4,18.4,1138.4,4295.9
Калининградская область,2021,25.4,15.6,1031.0,485.37
Ленинградская область,2021,13.8,16.1,2006.0,3623.31
Мурманская область,2021,29.3,17.2,665.2,953.23
Новгородская область,2021,20.8,22.5,581.6,1089.04
Псковская область,2021,21.6,22.3,596.9,2.99
г. Санкт-Петербург,2021,31.3,15.0,5607.9,779.36
Республика Адыгея (Адыгея),2021,15.5,14.8,498.3,27.66
Республика Калмыкия,2021,15.0,13.6,266.4,0.17
Краснодарский край,2021,15.8,16.5,5832.0,1779.62
Астраханская область,2021,13.1,16.9,957.8,471.42
Волгоградская область,2021,17.5,18.6,2492.8,1302.08
Ростовская область,2021,11.3,18.7,4192.3,6370.97
Республика Дагестан,2021,18.0,6.2,3186.9,10.63
Республика Ингушетия,2021,17.6,4.3,511.3,0.0
Кабардино-Балкарская Республика,2021,5.7,10.5,904.3,4.91
Карачаево-Черкесская Республика,2021,17.5,12.0,469.1,26.99
Республика Северная Осетия — Алания,2021,18.7,14.2,685.4,0.0
Чеченская Республика,2021,11.8,5.8,1514.6,0.0
Ставропольский край,2021,24.5,14.5,2902.5,853.24
Республика Башкортостан,2021,24.2,16.1,4091.6,5239.65
Республика Марий Эл,2021,21.9,16.6,676.4,232.65
Республика Мордовия,2021,10.1,18.4,781.4,164.73
Республика Татарстан (Татарстан),2021,20.2,15.1,4000.1,5325.41
Удмуртская Республика,2021,31.4,16.0,1448.9,397.02
Чувашская Республика — Чувашия,2021,23.2,17.2,1183.9,415.36
Пермский край,2021,26.4,17.4,2525.1,2099.43
Кировская область,2021,17.5,20.9,1149.2,990.71
Нижегородская область,2021,20.6,20.1,3108.9,1606.3
Оренбургская область,2021,14.9,19.5,1855.8,1934.96
Пензенская область,2021,19.7,20.1,1261.1,66.32
Самарская область,2021,24.9,18.2,3164.4,3548.1
Саратовская область,2021,18.2,19.7,2431.0,7445.27
Ульяновская область,2021,19.5,19.8,1191.7,560.53
Курганская область,2021,36.1,21.3,772.3,219.67
Свердловская область,2021,24.2,18.0,4263.7,10044.64
Тюменская область,2021,25.9,10.3,3827.7,9748.5
Ханты-Мансийский автономный округ — Югра,2021,27.8,8.5,1713.8,7731.92
Ямало-Ненецкий автономный округ,2021,33.5,6.8,511.2,316.6
Челябинская область,2021,28.1,17.6,3421.6,7748.0
Республика Алтай,2021,36.4,13.5,210.8,6.74
Республика Тыва,2021,35.9,8.9,336.2,9.8
Республика Хакасия,2021,19.3,15.9,533.0,583.22
Алтайский край,2021,19.4,20.1,2155.0,796.11
Красноярский край,2021,17.7,16.4,2856.4,2580.86
Иркутская область,2021,27.4,17.7,2363.4,2599.52
Кемеровская область — Кузбасс,2021,26.3,18.3,2592.0,4436.52
Новосибирская область,2021,24.7,16.9,2797.5,864.5
Омская область,2021,26.7,18.1,1851.5,693.82
Томская область,2021,18.7,15.6,1062.7,667.31
Республика Бурятия,2021,13.7,13.8,978.0,292.38
Республика Саха (Якутия),2021,17.9,10.6,997.8,1328.78
Забайкальский край,2021,14.7,16.4,1000.5,1281.9
Камчатский край,2021,29.3,15.3,292.6,9.41
Приморский край,2021,27.2,17.2,1841.9,1915.99
Хабаровский край,2021,26.6,16.9,1292.8,1542.34
Амурская область,2021,20.0,18.7,763.6,1687.05
Магаданская область,2021,18.7,15.2,135.9,400.87
Сахалинская область,2021,30.9,16.2,466.0,164.02
Еврейская автономная область,2021,30.7,18.5,149.6,19.2
Чукотский автономный округ,2021,20.1,11.31,47.9,144.95
Белгородская область,2022,21.3,14.2,1514.5,1749.36
Брянская область,2022,23.0,15.6,1152.5,20.2
Владимирская область,2022,22.9,16.8,1325.5,328.86
Воронежская область,2022,11.8,15.3,2285.3,4982.51
Ивановская область,2022,25.7,17.3,914.7,134.32
Калужская область,2022,21.1,14.2,1070.9,155.11
Костромская область,2022,17.1,17.1,571.9,750.05
Курская область,2022,11.5,16.2,1067.0,4657.41
Липецкая область,2022,17.6,15.2,1126.3,2018.69
Московская область,2022,19.1,11.7,8591.7,2471.16
Орловская область,2022,23.0,17.2,700.3,972.85
Рязанская область,2022,22.8,16.1,1088.9,1121.87
Смоленская область,2022,15.7,16.8,873.0,4827.47
Тамбовская область,2022,16.3,16.8,966.3,180.86
Тверская область,2022,22.5,17.9,1211.2,6806.81
Тульская область,2022,15.7,16.6,1481.5,2117.65
Ярославская область,2022,22.4,16.2,1194.6,300.94
г. Москва,2022,19.8,9.7,13104.2,4695.31
Республика Карелия,2022,69.3,18.2,527.9,1078.26
Республика Коми,2022,41.7,14.3,726.5,1337.19
Архангельская область,2022,42.1,15.5,1005.7,915.11
Ненецкий автономный округ,2022,45.6,10.7,41.4,13.92
Вологодская область,2022,27.9,14.5,1128.7,4457.82
Калининградская область,2022,28.3,12.7,1032.3,483.1
Ленинградская область,2022,16.5,12.9,2023.8,3252.91
Мурманская область,2022,29.7,13.2,658.7,1025.41
Новгородская область,2022,24.5,17.1,575.9,1104.47
Псковская область,2022,23.1,18.3,587.8,2.84
г. Санкт-Петербург,2022,32.5,11.6,5600.0,713.5
Республика Адыгея (Адыгея),2022,14.3,12.3,498.0,27.66
Республика Калмыкия,2022,16.7,10.4,264.5,0.17
Краснодарский край,2022,15.4,13.5,5819.3,1544.44
Астраханская область,2022,13.2,12.7,950.6,503.19
Волгоградская область,2022,17.6,13.7,2470.1,1308.96
Ростовская область,2022,15.5,14.4,4164.5,6465.23
Республика Дагестан,2022,20.1,5.1,3209.8,7.71
Республика Ингушетия,2022,17.4,3.4,519.1,0.0
Кабардино-Балкарская Республика,2022,5.2,8.7,903.3,3.57
Карачаево-Черкесская Республика,2022,14.9,9.4,468.4,26.98
Республика Северная Осетия — Алания,2022,17.8,11.2,680.7,0.24
Чеченская Республика,2022,9.3,4.9,1533.2,0.0
Ставропольский край,2022,26.2,11.6,2891.2,868.69
Республика Башкортостан,2022,28.6,11.9,4077.6,5399.77
Республика Марий Эл,2022,20.0,12.8,672.3,214.09
Республика Мордовия,2022,11.9,14.4,771.4,158.25
Республика Татарстан (Татарстан),2022,21.5,11.2,4001.6,5362.48
Удмуртская Республика,2022,31.8,12.6,1442.2,385.12
Чувашская Республика — Чувашия,2022,24.1,13.3,1173.2,412.65
Пермский край,2022,28.3,13.9,2508.4,2140.76
Кировская область,2022,20.9,16.6,1138.1,1027.49
Нижегородская область,2022,21.7,15.5,3081.8,1532.1
Оренбургская область,2022,20.0,13.8,1841.4,1945.54
Пензенская область,2022,21.7,15.6,1246.6,69.68
Самарская область,2022,25.9,14.2,3142.7,3327.12
Саратовская область,2022,17.4,14.3,2404.9,7806.59
Ульяновская область,2022,20.7,15.1,1181.0,635.8
Курганская область,2022,50.7,16.4,761.6,249.66
Свердловская область,2022,28.5,13.9,4239.1,9548.07
Тюменская область,2022,28.4,8.1,3851.3,10005.42
Ханты-Мансийский автономный округ — Югра,2022,28.8,6.5,1730.4,7930.4
Ямало-Ненецкий автономный округ,2022,47.2,5.5,512.4,334.57
Челябинская область,2022,26.5,13.3,3407.1,7509.1
Республика Алтай,2022,34.0,11.6,210.8,14.18
Республика Тыва,2022,38.0,8.6,337.3,8.86
Республика Хакасия,2022,20.3,13.3,530.2,622.27
Алтайский край,2022,18.8,15.8,2130.9,831.42
Красноярский край,2022,19.3,13.4,2845.5,3276.04
Иркутская область,2022,29.6,14.1,2344.4,2659.41
Кемеровская область — Кузбасс,2022,26.8,14.9,2568.2,4107.36
Новосибирская область,2022,25.5,13.7,2794.3,975.22
Омская область,2022,24.5,14.1,1832.1,742.47
Томская область,2022,32.5,12.1,1052.1,696.0
Республика Бурятия,2022,17.7,12.2,974.6,319.96
Республика Саха (Якутия),2022,20.2,8.3,997.6,1264.88
Забайкальский край,2022,14.9,13.8,992.4,1230.14
Камчатский край,2022,27.9,13.2,288.7,9.26
Приморский край,2022,35.9,15.0,1820.1,2080.37
Хабаровский край,2022,28.1,14.0,1284.1,1530.92
Амурская область,2022,17.6,14.8,756.2,2618.91
Магаданская область,2022,25.6,12.7,134.3,420.24
Сахалинская область,2022,33.1,13.8,460.6,148.55
Еврейская автономная область,2022,36.2,15.2,147.5,20.27
Чукотский автономный округ,2022,24.3,10.2,47.8,187.3
Белгородская область,2023,22.0,13.4,1500.7,1575.0
Брянская область,2023,26.400000000000002,14.3,1142.4,20.0
Владимирская область,2023,24.700000000000003,15.5,1309.9,321.0
Воронежская область,2023,10.0,14.3,2273.4,5029.0
Ивановская область,2023,12.4,16.1,905.9,134.0
Калужская область,2023,24.700000000000003,13.2,1068.4,156.0
Костромская область,2023,20.5,15.5,566.3,749.0
Курская область,2023,13.5,14.5,1060.9,4615.0
Липецкая область,2023,18.5,14.4,1116.3,2285.0
Московская область,2023,22.400000000000002,11.0,8651.3,2474.0
Орловская область,2023,22.8,15.7,692.5,972.0
Рязанская область,2023,27.1,14.8,1082.2,1450.0
Смоленская область,2023,15.0,15.2,864.0,4870.0
Тамбовская область,2023,17.1,15.5,956.3,185.0
Тверская область,2023,21.900000000000002,16.3,1199.7,6910.0
Тульская область,2023,15.700000000000001,15.2,1471.1,2009.0
Ярославская область,2023,24.200000000000003,14.9,1187.6,314.0
г. Москва,2023,21.400000000000002,8.8,13149.8,4593.0
Республика Карелия,2023,79.2,16.5,523.9,1075.0
Республика Коми,2023,42.300000000000004,13.4,720.6,1406.0
Архангельская область,2023,43.7,14.1,998.1,817.0
Ненецкий автономный округ,2023,59.2,10.5,42.2,14.0
Вологодская область,2023,29.200000000000003,13.8,1121.4,4688.0
Калининградская область,2023,36.0,11.8,1033.9,484.0
Ленинградская область,2023,17.3,11.4,2035.8,3007.0
Мурманская область,2023,34.2,12.7,656.4,922.0
Новгородская область,2023,24.0,16.1,571.4,1159.0
Псковская область,2023,26.900000000000002,17.0,581.1,3.0
г. Санкт-Петербург,2023,36.300000000000004,10.7,5597.8,709.0
Республика Адыгея (Адыгея),2023,14.9,10.5,500.6,28.0
Республика Калмыкия,2023,20.0,9.5,266.8,0.2
Краснодарский край,2023,14.100000000000001,12.3,5833.0,371.0
Астраханская область,2023,14.3,11.8,946.4,1860.0
Волгоградская область,2023,16.5,12.8,2453.9,6122.0
Ростовская область,2023,10.600000000000001,13.0,4152.5,190.0
Республика Дагестан,2023,18.900000000000002,4.5,3232.2,7.0
Республика Ингушетия,2023,17.2,3.2,527.2,0.0
Кабардино-Балкарская Республика,2023,6.300000000000001,7.5,905.5,4.0
Карачаево-Черкесская Республика,2023,24.5,8.4,468.3,26.0
Республика Северная Осетия — Алания,2023,16.0,9.5,678.9,0.4
Чеченская Республика,2023,8.9,4.3,1552.9,0.0
Ставропольский край,2023,27.900000000000002,10.8,2886.1,794.0
Республика Башкортостан,2023,32.0,11.7,4064.3,5398.0
Республика Марий Эл,2023,20.3,12.5,669.8,204.0
Республика Мордовия,2023,10.600000000000001,13.3,765.9,241.0
Республика Татарстан (Татарстан),2023,22.3,10.8,4003.0,5195.0
Удмуртская Республика,2023,31.200000000000003,12.3,1434.6,358.0
Чувашская Республика — Чувашия,2023,21.700000000000003,12.5,1167.1,390.0
Пермский край,2023,24.700000000000003,13.3,2495.3,2201.0
Кировская область,2023,19.5,15.1,1129.9,963.0
Нижегородская область,2023,22.5,14.6,3060.3,1633.0
Оренбургская область,2023,17.5,13.7,1828.7,2010.0
Пензенская область,2023,22.400000000000002,14.8,1236.1,69.0
Самарская область,2023,26.200000000000003,13.5,3127.8,3344.0
Саратовская область,2023,16.0,13.6,2385.2,7533.0
Ульяновская область,2023,19.6,14.1,1172.8,622.0
Курганская область,2023,67.9,16.4,753.0,221.0
Свердловская область,2023,30.6,13.3,4222.7,9769.0
Тюменская область,2023,30.1,7.6,3890.8,9934.0
Ханты-Мансийский автономный округ — Югра,2023,29.700000000000003,6.2,1759.4,7910.0
Ямало-Ненецкий автономный округ,2023,49.7,5.5,516.0,338.0
Челябинская область,2023,26.3,12.8,3395.8,7849.0
Республика Алтай,2023,33.9,10.7,210.8,19.0
Республика Тыва,2023,38.0,8.9,337.5,7.0
Республика Хакасия,2023,25.200000000000003,12.7,528.2,612.0
Алтайский край,2023,18.8,14.4,2115.3,817.0
Красноярский край,2023,20.200000000000003,12.3,2846.1,3230.0
Иркутская область,2023,29.700000000000003,13.3,2330.5,2530.0
Кемеровская область — Кузбасс,2023,26.900000000000002,13.9,2547.7,4152.0
Новосибирская область,2023,33.0,12.8,2789.5,962.0
Омская область,2023,24.6,13.1,1818.1,798.0
Томская область,2023,26.5,11.4,1043.4,690.0
Республика Бурятия,2023,18.1,11.8,971.9,312.0
Республика Саха (Якутия),2023,23.8,7.8,1001.7,1296.0
Забайкальский край,2023,18.0,13.7,984.4,1373.0
Камчатский край,2023,42.800000000000004,11.8,288.9,10.0
Приморский край,2023,29.1,14.1,1806.4,1892.0
Хабаровский край,2023,26.3,13.3,1278.1,1524.0
Амурская область,2023,26.5,14.1,750.1,1327.0
Магаданская область,2023,23.6,12.1,133.4,410.0
Сахалинская область,2023,37.6,13.5,457.6,162.0
Еврейская автономная область,2023,34.9,14.3,145.8,20.0
Чукотский автономный округ,2023,25.200000000000003,10.1,48.0,227.0
Белгородская область,2000,,15.5,1507.0,1559.0
Брянская область,2000,,18.2,1407.9,102.0
Владимирская область,2000,,19.1,1558.0,412.0
Воронежская область,2000,,17.9,2422.4,2849.0
Ивановская область,2000,,20.8,1179.0,238.0
Калужская область,2000,,18.1,1060.3,144.0
Костромская область,2000,,18.9,754.0,201.0
Курская область,2000,,18.6,1266.4,5876.0
Липецкая область,2000,,16.5,1228.1,2159.0
Московская область,2000,,17,6613.5,3360.0
Орловская область,2000,,17.7,876.7,543.0
Рязанская область,2000,,19.3,1258.8,2491.0
Смоленская область,2000,,20,1082.2,4626.0
Тамбовская область,2000,,19,1213.6,279.0
Тверская область,2000,,21.6,1519.6,2274.0
Тульская область,2000,,21,1719.7,2846.0
Ярославская область,2000,,18,1393.7,549.0
г. Москва,2000,,13.1,10114.2,6005.0
Республика Карелия,2000,,16.5,728.8,816.0
Республика Коми,2000,,12.9,1042.9,1260.0
Архангельская область,2000,,16.3,1369.1,629.0
Ненецкий автономный округ,2000,,12.9,40.9,0.68
Вологодская область,2000,,16,1290.4,3655.0
Калининградская область,2000,,15.2,957.5,128.0
Ленинградская область,2000,,18.8,1680.4,1096.0
Мурманская область,2000,,11.6,922.9,983.0
Новгородская область,2000,,20.1,710.3,539.0
Псковская область,2000,,22.3,781.8,12.0
г. Санкт-Петербург,2000,,16.2,4714.8,610.0
Республика Адыгея (Адыгея),2000,,15,447.3,7.0
Республика Калмыкия,2000,,11.2,307.3,0.92
Краснодарский край,2000,,15.2,5132.8,1079.0
Астраханская область,2000,,14.3,1009.3,292.0
Волгоградская область,2000,,15.2,2725.4,1774.0
Ростовская область,2000,,15.2,4439.3,753.0
Республика Дагестан,2000,,6.5,2486.0,28.0
Республика Ингушетия,2000,,5.4,445.4,27.0
Кабардино-Балкарская Республика,2000,,10,886.7,24.0
Карачаево-Черкесская Республика,2000,,11.3,440.6,76.0
Республика Северная Осетия — Алания,2000,,12.3,704.4,33.0
Чеченская Республика,2000,,…,996.5,0.0
Ставропольский край,2000,,13.6,2740.9,937.0
Республика Башкортостан,2000,,13,4115.2,5611.0
Республика Марий Эл,2000,,14.9,739.1,149.0
Республика Мордовия,2000,,16.2,908.2,306.0
Республика Татарстан (Татарстан),2000,,13.1,3786.8,4917.0
Удмуртская Республика,2000,,13.7,1588.0,409.0
Чувашская Республика — Чувашия,2000,,14,1327.7,372.0
Пермский край,2000,,16.2,2858.6,1913.0
Кировская область,2000,,16.8,1536.8,1066.0
Нижегородская область,2000,,18.1,3594.5,1721.0
Оренбургская область,2000,,14.4,2203.6,1823.0
Пензенская область,2000,,17,1484.1,96.0
Самарская область,2000,,16.4,3275.8,3810.0
Саратовская область,2000,,16.4,2699.4,6612.0
Ульяновская область,2000,,15.6,1413.6,777.0
Курганская область,2000,,16.3,1047.1,484.0
Свердловская область,2000,,16.6,4545.9,12027.0
Тюменская область,2000,,9.3,3234.3,8665.0
Ханты-Мансийский автономный округ — Югра,2000,,6.9,1383.4,7571.0
Ямало-Ненецкий автономный округ,2000,,5.6,498.3,68.0
Челябинская область,2000,,15.5,3644.0,7359.0
Республика Алтай,2000,,13,203.0,11.0
Республика Тыва,2000,,13.6,305.7,20.0
Республика Хакасия,2000,,14.6,554.4,273.0
Алтайский край,2000,,14.3,2641.1,1216.0
Красноярский край,2000,,14.8,3000.9,3225.0
Иркутская область,2000,,15.5,2623.2,2444.0
Кемеровская область — Кузбасс,2000,,16.7,2942.3,4760.0
Новосибирская область,2000,,14.2,2715.1,1845.0
Омская область,2000,,13.5,2117.3,971.0
Томская область,2000,,13.2,1054.3,2451.0
Республика Бурятия,2000,,13.1,996.9,151.0
Республика Саха (Якутия),2000,,9.7,957.5,1142.0
Забайкальский край,2000,,14.5,1178.8,527.0
Камчатский край,2000,,11,366.4,57.0
Приморский край,2000,,13.9,2120.5,1970.0
Хабаровский край,2000,,14.1,1459.9,1379.0
Амурская область,2000,,14.6,923.0,914.0
Магаданская область,2000,,11.8,193.9,412.0
Сахалинская область,2000,,13.4,560.1,102.0
Еврейская автономная область,2000,,14.5,193.2,23.0
Чукотский автономный округ,2000,,9.6,57.5,204.0
Белгородская область,2001,,16.1,1508.1,1575.0
Брянская область,2001,,17.9,1391.4,95.0
Владимирская область,2001,,19.7,1539.2,423.0
Воронежская область,2001,,18.3,2397.1,2863.0
Ивановская область,2001,,20.7,1161.9,177.0
Калужская область,2001,,18.3,1049.6,141.0
Костромская область,2001,,19.9,743.9,210.0
Курская область,2001,,18.7,1248.6,4875.0
Липецкая область,2001,,17.1,1220.5,2121.0
Московская область,2001,,17.8,6609.2,3487.0
Орловская область,2001,,18,867.6,27.0
Рязанская область,2001,,19.9,1241.0,2214.0
Смоленская область,2001,,20.6,1063.3,4874.0
Тамбовская область,2001,,18.8,1193.4,275.0
Тверская область,2001,,22.9,1491.4,2189.0
Тульская область,2001,,21.5,1694.0,2871.0
Ярославская область,2001,,19.6,1378.4,622.0
г. Москва,2001,,13.2,10269.9,6268.0
Республика Карелия,2001,,17.4,721.5,821.0
Республика Коми,2001,,13.5,1029.7,1342.0
Архангельская область,2001,,16.2,1350.5,682.0
Ненецкий автономный округ,2001,,13.7,40.9,0.49
Вологодская область,2001,,17.4,1278.5,3610.0
Калининградская область,2001,,16.1,955.4,155.0
Ленинградская область,2001,,19.9,1672.7,1178.0
Мурманская область,2001,,12.2,905.7,989.0
Новгородская область,2001,,21.3,700.9,549.0
Псковская область,2001,,22.8,769.7,15.0
г. Санкт-Петербург,2001,,16.2,4688.4,597.0
Республика Адыгея (Адыгея),2001,,14.7,446.6,32.0
Республика Калмыкия,2001,,11.1,297.6,0.91
Краснодарский край,2001,,15.1,5131.6,870.0
Астраханская область,2001,,14.6,1005.5,289.0
Волгоградская область,2001,,15.6,2709.6,1799.0
Ростовская область,2001,,15.6,4417.7,1863.0
Республика Дагестан,2001,,6.1,2536.1,27.0
Республика Ингушетия,2001,,4.2,455.5,29.0
Кабардино-Балкарская Республика,2001,,9.9,894.3,24.0
Карачаево-Черкесская Республика,2001,,11.2,439.8,74.0
Республика Северная Осетия — Алания,2001,,11.6,709.6,35.0
Чеченская Республика,2001,,…,1072.9,0.0
Ставропольский край,2001,,13.7,2736.2,924.0
Республика Башкортостан,2001,,13.4,4108.3,5442.0
Республика Марий Эл,2001,,15.5,732.8,148.0
Республика Мордовия,2001,,15.7,897.1,276.0
Республика Татарстан (Татарстан),2001,,13.2,3781.9,4789.0
Удмуртская Республика,2001,,14.4,1578.2,412.0
Чувашская Республика — Чувашия,2001,,14.3,1319.5,357.0
Пермский край,2001,,16.5,2837.1,2010.0
Кировская область,2001,,17,1518.4,1029.0
Нижегородская область,2001,,18.7,3554.7,1764.0
Оренбургская область,2001,,14.7,2189.9,1823.0
Пензенская область,2001,,16.7,1466.2,88.0
Самарская область,2001,,16.4,3254.0,3998.0
Саратовская область,2001,,16.3,2682.0,6875.0
Ульяновская область,2001,,15.8,1395.9,894.0
Курганская область,2001,,16.4,1030.7,406.0
Свердловская область,2001,,16.1,4514.1,11740.0
Тюменская область,2001,,9.6,3251.5,8164.0
Ханты-Мансийский автономный округ — Югра,2001,,7.1,1411.9,7095.0
Ямало-Ненецкий автономный округ,2001,,6.1,503.1,78.0
Челябинская область,2001,,15.6,3621.4,7459.0
Республика Алтай,2001,,14.1,202.9,12.0
Республика Тыва,2001,,13.6,305.2,18.0
Республика Хакасия,2001,,15.5,549.5,277.0
Алтайский край,2001,,14.7,2621.1,998.0
Красноярский край,2001,,14.6,2981.8,3053.0
Иркутская область,2001,,15.8,2599.6,2479.0
Кемеровская область — Кузбасс,2001,,16.9,2917.8,4843.0
Новосибирская область,2001,,14.5,2703.0,1033.0
Омская область,2001,,13.6,2094.7,999.0
Томская область,2001,,13.4,1049.8,2545.0
Республика Бурятия,2001,,14,987.3,139.0
Республика Саха (Якутия),2001,,10.2,951.5,1199.0
Забайкальский край,2001,,15.3,1165.4,1099.0
Камчатский край,2001,,11.8,361.7,45.0
Приморский край,2001,,14.1,2085.7,2095.0
Хабаровский край,2001,,14.9,1446.1,1340.0
Амурская область,2001,,15.2,911.4,865.0
Магаданская область,2001,,12.2,187.2,752.0
Сахалинская область,2001,,14.7,552.2,285.0
Еврейская автономная область,2001,,14.7,191.9,11.0
Чукотский автономный округ,2001,,12.4,55.3,221.0
Белгородская область,2002,,16.2,1511.9,1589.0
Брянская область,2002,,19.2,1375.0,91.0
Владимирская область,2002,,20.8,1520.1,343.0
Воронежская область,2002,,18.9,2374.4,2943.0
Ивановская область,2002,,22,1144.5,212.0
Калужская область,2002,,18.8,1038.6,156.0
Костромская область,2002,,21.1,734.5,177.0
Курская область,2002,,19.3,1231.1,5043.0
Липецкая область,2002,,17.5,1211.0,2143.0
Московская область,2002,,17.9,6616.9,3233.0
Орловская область,2002,,18.6,858.3,390.0
Рязанская область,2002,,20.5,1223.7,2274.0
Смоленская область,2002,,21.6,1045.9,4572.0
Тамбовская область,2002,,19.8,1174.2,270.0
Тверская область,2002,,23.9,1465.6,2169.0
Тульская область,2002,,21.8,1669.8,2793.0
Ярославская область,2002,,20.5,1364.4,575.0
г. Москва,2002,,13.2,10386.9,6271.0
Республика Карелия,2002,,18.7,715.2,839.0
Республика Коми,2002,,14.9,1016.0,1387.0
Архангельская область,2002,,17.5,1332.7,731.0
Ненецкий автономный округ,2002,,13.1,41.7,0.77
Вологодская область,2002,,18.4,1266.9,3619.0
Калининградская область,2002,,17.3,954.1,171.0
Ленинградская область,2002,,20.4,1667.1,1301.0
Мурманская область,2002,,13.2,889.8,968.0
Новгородская область,2002,,22.3,692.1,552.0
Псковская область,2002,,23.8,758.1,15.0
г. Санкт-Петербург,2002,,16.4,4656.5,656.0
Республика Адыгея (Адыгея),2002,,15,446.8,30.0
Республика Калмыкия,2002,,12.3,291.8,0.78
Краснодарский край,2002,,15.7,5119.8,1026.0
Астраханская область,2002,,15.3,1004.8,314.0
Волгоградская область,2002,,15.9,2694.2,1706.0
Ростовская область,2002,,16.1,4396.7,2773.0
Республика Дагестан,2002,,6.2,2581.4,26.0
Республика Ингушетия,2002,,4.1,468.8,26.0
Кабардино-Балкарская Республика,2002,,10,901.1,24.0
Карачаево-Черкесская Республика,2002,,11.9,438.9,70.0
Республика Северная Осетия — Алания,2002,,12.3,709.7,37.0
Чеченская Республика,2002,,…,1105.4,0.0
Ставропольский край,2002,,14.6,2732.5,920.0
Республика Башкортостан,2002,,14.1,4102.3,4941.0
Республика Марий Эл,2002,,16.6,726.7,147.0
Республика Мордовия,2002,,16.7,886.1,277.0
Республика Татарстан (Татарстан),2002,,13.7,3777.7,4658.0
Удмуртская Республика,2002,,15.6,1568.2,400.0
Чувашская Республика — Чувашия,2002,,15.1,1311.7,455.0
Пермский край,2002,,18,2813.8,1847.0
Кировская область,2002,,19,1499.0,1075.0
Нижегородская область,2002,,19.3,3515.7,1703.0
Оренбургская область,2002,,15.1,2176.0,1843.0
Пензенская область,2002,,17.6,1449.2,82.0
Самарская область,2002,,16.3,3235.7,3935.0
Саратовская область,2002,,16.6,2663.5,6832.0
Ульяновская область,2002,,16.8,1378.9,796.0
Курганская область,2002,,17.7,1016.2,363.0
Свердловская область,2002,,17.1,4477.5,11856.0
Тюменская область,2002,,9.9,3269.9,8827.0
Ханты-Мансийский автономный округ — Югра,2002,,6.9,1437.7,7737.0
Ямало-Ненецкий автономный округ,2002,,5.8,508.6,85.0
Челябинская область,2002,,16.4,3597.7,7404.0
Республика Алтай,2002,,15.1,203.0,10.0
Республика Тыва,2002,,15,305.5,38.0
Республика Хакасия,2002,,17,545.2,278.0
Алтайский край,2002,,15.7,2602.6,983.0
Красноярский край,2002,,15.3,2961.9,3162.0
Иркутская область,2002,,16.5,2577.7,2456.0
Кемеровская область — Кузбасс,2002,,17.7,2893.4,4822.0
Новосибирская область,2002,,15.4,2688.5,1028.0
Омская область,2002,,14.6,2075.4,1014.0
Томская область,2002,,14.4,1045.5,2431.0
Республика Бурятия,2002,,14.6,979.6,140.0
Республика Саха (Якутия),2002,,10.2,948.6,1196.0
Забайкальский край,2002,,16.2,1152.6,1063.0
Камчатский край,2002,,11.5,357.9,52.0
Приморский край,2002,,14.9,2067.4,2269.0
Хабаровский край,2002,,15.6,1434.2,1298.0
Амурская область,2002,,16.1,901.0,875.0
Магаданская область,2002,,12.6,181.8,363.0
Сахалинская область,2002,,15,545.0,232.0
Еврейская автономная область,2002,,15.9,190.6,16.0
Чукотский автономный округ,2002,,11.3,53.2,194.0
Белгородская область,2003,,16.1,1513.9,1606.0
Брянская область,2003,,19.1,1360.2,106.0
Владимирская область,2003,,20.7,1509.6,324.0
Воронежская область,2003,,18.9,2367.4,3034.0
Ивановская область,2003,,22.1,1131.0,168.0
Калужская область,2003,,19,1031.7,142.0
Костромская область,2003,,21.7,723.1,184.0
Курская область,2003,,19.7,1213.4,5660.0
Липецкая область,2003,,18.4,1205.3,2039.0
Московская область,2003,,17.9,6671.3,3465.0
Орловская область,2003,,18.8,847.1,352.0
Рязанская область,2003,,21.2,1210.3,2344.0
Смоленская область,2003,,21.9,1039.1,5080.0
Тамбовская область,2003,,19.9,1161.9,259.0
Тверская область,2003,,24.1,1447.8,2154.0
Тульская область,2003,,22.6,1649.2,2798.0
Ярославская область,2003,,20.9,1347.1,603.0
г. Москва,2003,,13,10535.7,5940.0
Республика Карелия,2003,,19.9,702.8,846.0
Республика Коми,2003,,15.7,999.9,1367.0
Архангельская область,2003,,18,1315.5,686.0
Ненецкий автономный округ,2003,,14.1,41.9,1.59
Вологодская область,2003,,19.8,1255.9,3584.0
Калининградская область,2003,,18,947.9,174.0
Ленинградская область,2003,,21,1673.3,1304.0
Мурманская область,2003,,14,873.2,946.0
Новгородская область,2003,,23.5,682.9,549.0
Псковская область,2003,,24.9,746.8,12.0
г. Санкт-Петербург,2003,,16.7,4662.0,707.0
Республика Адыгея (Адыгея),2003,,15.5,444.8,30.0
Республика Калмыкия,2003,,11.8,292.2,0.93
Краснодарский край,2003,,15.7,5114.9,1096.0
Астраханская область,2003,,15.5,1006.1,313.0
Волгоградская область,2003,,16.1,2672.4,1768.0
Ростовская область,2003,,16.3,4375.5,2161.0
Республика Дагестан,2003,,6.1,2617.5,24.0
Республика Ингушетия,2003,,3.9,451.9,26.0
Кабардино-Балкарская Республика,2003,,10.3,889.6,22.0
Карачаево-Черкесская Республика,2003,,12.3,444.4,74.0
Республика Северная Осетия — Алания,2003,,12.6,707.7,42.0
Чеченская Республика,2003,,6.5,1116.9,0.0
Ставропольский край,2003,,14.9,2739.1,935.0
Республика Башкортостан,2003,,14.2,4094.2,4896.0
Республика Марий Эл,2003,,16.4,722.7,143.0
Республика Мордовия,2003,,17.2,878.3,278.0
Республика Татарстан (Татарстан),2003,,13.8,3773.1,4945.0
Удмуртская Республика,2003,,15.7,1561.1,397.0
Чувашская Республика — Чувашия,2003,,15.3,1301.6,455.0
Пермский край,2003,,18.3,2783.0,1952.0
Кировская область,2003,,19.6,1472.5,1136.0
Нижегородская область,2003,,20,3481.1,1677.0
Оренбургская область,2003,,15.3,2149.9,1820.0
Пензенская область,2003,,17.9,1440.0,83.0
Самарская область,2003,,16.4,3229.2,4097.0
Саратовская область,2003,,17,2639.5,6681.0
Ульяновская область,2003,,17.2,1366.9,855.0
Курганская область,2003,,18.1,999.4,397.0
Свердловская область,2003,,17.3,4434.2,12244.0
Тюменская область,2003,,9.9,3281.7,9279.0
Ханты-Мансийский автономный округ — Югра,2003,,6.9,1453.5,8115.0
Ямало-Ненецкий автономный округ,2003,,6.1,510.8,90.0
Челябинская область,2003,,16.6,3569.3,7677.0
Республика Алтай,2003,,15.6,202.5,10.0
Республика Тыва,2003,,15.2,305.0,30.0
Республика Хакасия,2003,,17.8,541.4,323.0
Алтайский край,2003,,15.9,2572.0,984.0
Красноярский край,2003,,15.8,2931.9,3190.0
Иркутская область,2003,,16.9,2552.3,2476.0
Кемеровская область — Кузбасс,2003,,18.4,2862.1,4653.0
Новосибирская область,2003,,15.5,2674.2,1027.0
Омская область,2003,,14.9,2052.7,1230.0
Томская область,2003,,14.5,1037.9,2163.0
Республика Бурятия,2003,,15.4,974.6,228.0
Республика Саха (Якутия),2003,,10.2,950.0,1471.0
Забайкальский край,2003,,16.8,1142.7,578.0
Камчатский край,2003,,12.3,350.5,58.0
Приморский край,2003,,15.6,2048.6,2126.0
Хабаровский край,2003,,16.3,1416.2,1427.0
Амурская область,2003,,16.6,887.8,832.0
Магаданская область,2003,,12.6,178.1,353.0
Сахалинская область,2003,,16.4,536.8,292.0
Еврейская автономная область,2003,,16.1,188.4,15.0
Чукотский автономный округ,2003,,10.7,51.9,176.0
